"","X","A","uAuB","Au","B","Bu","E.x","E.y","pA","peA","pB","peB","Pr","PrUn","index","structure","posterior","groupPost","pgroup","trialtype","node","cesm","node2","node3"
"1",1,0,"00",0,0,0,0,0,0.9,0.5,0.2,0.5,0.045,0.25,1,"disjunctive",0.25,1,"1","d1","A",0.125560625740942,"A","A=0"
"2",1,0,"00",0,0,0,0,0,0.9,0.5,0.2,0.5,0.045,0.25,1,"disjunctive",0.25,1,"1","d1","Au=0",0.0522092394914649,"Au","Au=0"
"3",1,0,"00",0,0,0,0,0,0.9,0.5,0.2,0.5,0.045,0.25,1,"disjunctive",0.25,1,"1","d1","B",0.325489996097285,"B","B=0"
"4",1,0,"00",0,0,0,0,0,0.9,0.5,0.2,0.5,0.045,0.25,1,"disjunctive",0.25,1,"1","d1","Bu=0",0.434796928056041,"Bu","Bu=0"
"5",2,0,"01",0,0,1,0,0,0.9,0.5,0.2,0.5,0.045,0.25,2,"disjunctive",0.25,1,"1","d1","A",0.0514015923343844,"A","A=0"
"6",2,0,"01",0,0,1,0,0,0.9,0.5,0.2,0.5,0.045,0.25,2,"disjunctive",0.25,1,"1","d1","Au=0",0.0210312345265696,"Au","Au=0"
"7",2,0,"01",0,0,1,0,0,0.9,0.5,0.2,0.5,0.045,0.25,2,"disjunctive",0.25,1,"1","d1","B",0.891077486880123,"B","B=0"
"8",2,0,"01",0,0,1,0,0,0.9,0.5,0.2,0.5,0.045,0.25,2,"disjunctive",0.25,1,"1","d1","Bu=1",-0.21071669070818,"Bu","Bu=1"
"9",3,0,"10",1,0,0,0,0,0.9,0.5,0.2,0.5,0.045,0.25,3,"disjunctive",0.25,1,"1","d1","A",0.585836734226142,"A","A=0"
"10",3,0,"10",1,0,0,0,0,0.9,0.5,0.2,0.5,0.045,0.25,3,"disjunctive",0.25,1,"1","d1","Au=1",-0.0420069330271872,"Au","Au=1"
"11",3,0,"10",1,0,0,0,0,0.9,0.5,0.2,0.5,0.045,0.25,3,"disjunctive",0.25,1,"1","d1","B",0.26170471527877,"B","B=0"
"12",3,0,"10",1,0,0,0,0,0.9,0.5,0.2,0.5,0.045,0.25,3,"disjunctive",0.25,1,"1","d1","Bu=0",0.349015474473335,"Bu","Bu=0"
"13",4,0,"11",1,0,1,0,0,0.9,0.5,0.2,0.5,0.045,0.25,4,"disjunctive",0.25,1,"1","d1","A",0.277255619969956,"A","A=0"
"14",4,0,"11",1,0,1,0,0,0.9,0.5,0.2,0.5,0.045,0.25,4,"disjunctive",0.25,1,"1","d1","Au=1",-0.0205827678314564,"Au","Au=1"
"15",4,0,"11",1,0,1,0,0,0.9,0.5,0.2,0.5,0.045,0.25,4,"disjunctive",0.25,1,"1","d1","B",0.848322234942127,"B","B=0"
"16",4,0,"11",1,0,1,0,0,0.9,0.5,0.2,0.5,0.045,0.25,4,"disjunctive",0.25,1,"1","d1","Bu=1",-0.199759112505794,"Bu","Bu=1"
"17",5,0,"00",0,1,0,0,0,0.9,0.5,0.8,0.5,0.18,0.25,5,"disjunctive",0.5,2,"1","d2","A",0.0634359718888258,"A","A=0"
"18",5,0,"00",0,1,0,0,0,0.9,0.5,0.8,0.5,0.18,0.25,5,"disjunctive",0.5,2,"1","d2","Au=0",0.027341590620048,"Au","Au=0"
"19",5,0,"00",0,1,0,0,0,0.9,0.5,0.8,0.5,0.18,0.25,5,"disjunctive",0.5,2,"1","d2","B",-0.100355365026207,"B","B=1"
"20",5,0,"00",0,1,0,0,0,0.9,0.5,0.8,0.5,0.18,0.25,5,"disjunctive",0.5,2,"1","d2","Bu=0",0.949608672149709,"Bu","Bu=0"
"21",6,0,"00",0,1,0,1,0,0.9,0.5,0.8,0.5,0.18,0.25,6,"disjunctive",0,3,"1","d3","A",-0.0593510612463115,"A","A=0"
"22",6,0,"00",0,1,0,1,0,0.9,0.5,0.8,0.5,0.18,0.25,6,"disjunctive",0,3,"1","d3","Au=0",-0.0241590957114912,"Au","Au=0"
"23",6,0,"00",0,1,0,1,0,0.9,0.5,0.8,0.5,0.18,0.25,6,"disjunctive",0,3,"1","d3","B",0.101124766776097,"B","B=1"
"24",6,0,"00",0,1,0,1,0,0.9,0.5,0.8,0.5,0.18,0.25,6,"disjunctive",0,3,"1","d3","Bu=0",-0.949484037713988,"Bu","Bu=0"
"25",7,0,"01",0,1,1,0,1,0.9,0.5,0.8,0.5,0.18,0.25,7,"disjunctive",0,2,"1","d2","A",0.0126385464941144,"A","A=0"
"26",7,0,"01",0,1,1,0,1,0.9,0.5,0.8,0.5,0.18,0.25,7,"disjunctive",0,2,"1","d2","Au=0",0.00655684044490218,"Au","Au=0"
"27",7,0,"01",0,1,1,0,1,0.9,0.5,0.8,0.5,0.18,0.25,7,"disjunctive",0,2,"1","d2","B",-0.502840724089759,"B","B=1"
"28",7,0,"01",0,1,1,0,1,0.9,0.5,0.8,0.5,0.18,0.25,7,"disjunctive",0,2,"1","d2","Bu=1",-0.83520691816524,"Bu","Bu=1"
"29",8,0,"01",0,1,1,1,1,0.9,0.5,0.8,0.5,0.18,0.25,8,"disjunctive",0.5,3,"1","d3","A",-0.0138478442310303,"A","A=0"
"30",8,0,"01",0,1,1,1,1,0.9,0.5,0.8,0.5,0.18,0.25,8,"disjunctive",0.5,3,"1","d3","Au=0",-0.00498710937387446,"Au","Au=0"
"31",8,0,"01",0,1,1,1,1,0.9,0.5,0.8,0.5,0.18,0.25,8,"disjunctive",0.5,3,"1","d3","B",0.504287116395641,"B","B=1"
"32",8,0,"01",0,1,1,1,1,0.9,0.5,0.8,0.5,0.18,0.25,8,"disjunctive",0.5,3,"1","d3","Bu=1",0.834443606041303,"Bu","Bu=1"
"33",9,0,"10",1,1,0,0,0,0.9,0.5,0.8,0.5,0.18,0.25,9,"disjunctive",0.5,2,"1","d2","A",0.336217882326205,"A","A=0"
"34",9,0,"10",1,1,0,0,0,0.9,0.5,0.8,0.5,0.18,0.25,9,"disjunctive",0.5,2,"1","d2","Au=1",-0.0262686411111888,"Au","Au=1"
"35",9,0,"10",1,1,0,0,0,0.9,0.5,0.8,0.5,0.18,0.25,9,"disjunctive",0.5,2,"1","d2","B",-0.0936147353288381,"B","B=1"
"36",9,0,"10",1,1,0,0,0,0.9,0.5,0.8,0.5,0.18,0.25,9,"disjunctive",0.5,2,"1","d2","Bu=0",0.886378845775473,"Bu","Bu=0"
"37",10,0,"10",1,1,0,1,0,0.9,0.5,0.8,0.5,0.18,0.25,10,"disjunctive",0,3,"1","d3","A",-0.336853040432787,"A","A=0"
"38",10,0,"10",1,1,0,1,0,0.9,0.5,0.8,0.5,0.18,0.25,10,"disjunctive",0,3,"1","d3","Au=1",0.0250244072378201,"Au","Au=1"
"39",10,0,"10",1,1,0,1,0,0.9,0.5,0.8,0.5,0.18,0.25,10,"disjunctive",0,3,"1","d3","B",0.0937822464687759,"B","B=1"
"40",10,0,"10",1,1,0,1,0,0.9,0.5,0.8,0.5,0.18,0.25,10,"disjunctive",0,3,"1","d3","Bu=0",-0.886278014489594,"Bu","Bu=0"
"41",11,0,"11",1,1,1,0,1,0.9,0.5,0.8,0.5,0.18,0.25,11,"disjunctive",0,2,"1","d2","A",0.0743878741677015,"A","A=0"
"42",11,0,"11",1,1,1,0,1,0.9,0.5,0.8,0.5,0.18,0.25,11,"disjunctive",0,2,"1","d2","Au=1",-0.00498576858879627,"Au","Au=1"
"43",11,0,"11",1,1,1,0,1,0.9,0.5,0.8,0.5,0.18,0.25,11,"disjunctive",0,2,"1","d2","B",-0.494655413001773,"B","B=1"
"44",11,0,"11",1,1,1,0,1,0.9,0.5,0.8,0.5,0.18,0.25,11,"disjunctive",0,2,"1","d2","Bu=1",-0.825089515269173,"Bu","Bu=1"
"45",12,0,"11",1,1,1,1,1,0.9,0.5,0.8,0.5,0.18,0.25,12,"disjunctive",0.5,3,"1","d3","A",-0.0733514980243343,"A","A=0"
"46",12,0,"11",1,1,1,1,1,0.9,0.5,0.8,0.5,0.18,0.25,12,"disjunctive",0.5,3,"1","d3","Au=1",0.00471125548345684,"Au","Au=1"
"47",12,0,"11",1,1,1,1,1,0.9,0.5,0.8,0.5,0.18,0.25,12,"disjunctive",0.5,3,"1","d3","B",0.494470280257981,"B","B=1"
"48",12,0,"11",1,1,1,1,1,0.9,0.5,0.8,0.5,0.18,0.25,12,"disjunctive",0.5,3,"1","d3","Bu=1",0.82519317628416,"Bu","Bu=1"
"49",13,1,"00",0,0,0,0,0,0.1,0.5,0.2,0.5,0.005,0.25,13,"disjunctive",0.5,4,"1","d4","A",-0.185290938837516,"A","A=1"
"50",13,1,"00",0,0,0,0,0,0.1,0.5,0.2,0.5,0.005,0.25,13,"disjunctive",0.5,4,"1","d4","Au=0",0.7202288295543,"Au","Au=0"
"51",13,1,"00",0,0,0,0,0,0.1,0.5,0.2,0.5,0.005,0.25,13,"disjunctive",0.5,4,"1","d4","B",0.162957337577655,"B","B=0"
"52",13,1,"00",0,0,0,0,0,0.1,0.5,0.2,0.5,0.005,0.25,13,"disjunctive",0.5,4,"1","d4","Bu=0",0.218531802295733,"Bu","Bu=0"
"53",14,1,"00",0,0,0,1,0,0.1,0.5,0.2,0.5,0.005,0.25,14,"disjunctive",0,5,"1","d5","A",0.184814614379104,"A","A=1"
"54",14,1,"00",0,0,0,1,0,0.1,0.5,0.2,0.5,0.005,0.25,14,"disjunctive",0,5,"1","d5","Au=0",-0.720463897632459,"Au","Au=0"
"55",14,1,"00",0,0,0,1,0,0.1,0.5,0.2,0.5,0.005,0.25,14,"disjunctive",0,5,"1","d5","B",-0.164500135543697,"B","B=0"
"56",14,1,"00",0,0,0,1,0,0.1,0.5,0.2,0.5,0.005,0.25,14,"disjunctive",0,5,"1","d5","Bu=0",-0.218893605130987,"Bu","Bu=0"
"57",15,1,"01",0,0,1,0,0,0.1,0.5,0.2,0.5,0.005,0.25,15,"disjunctive",0.5,4,"1","d4","A",-0.117753078876939,"A","A=1"
"58",15,1,"01",0,0,1,0,0,0.1,0.5,0.2,0.5,0.005,0.25,15,"disjunctive",0.5,4,"1","d4","Au=0",0.458994989590159,"Au","Au=0"
"59",15,1,"01",0,0,1,0,0,0.1,0.5,0.2,0.5,0.005,0.25,15,"disjunctive",0.5,4,"1","d4","B",0.710723461078483,"B","B=0"
"60",15,1,"01",0,0,1,0,0,0.1,0.5,0.2,0.5,0.005,0.25,15,"disjunctive",0.5,4,"1","d4","Bu=1",-0.166235380380983,"Bu","Bu=1"
"61",16,1,"01",0,0,1,1,0,0.1,0.5,0.2,0.5,0.005,0.25,16,"disjunctive",0,5,"1","d5","A",0.116387038447897,"A","A=1"
"62",16,1,"01",0,0,1,1,0,0.1,0.5,0.2,0.5,0.005,0.25,16,"disjunctive",0,5,"1","d5","Au=0",-0.455003610228553,"Au","Au=0"
"63",16,1,"01",0,0,1,1,0,0.1,0.5,0.2,0.5,0.005,0.25,16,"disjunctive",0,5,"1","d5","B",-0.712900313200885,"B","B=0"
"64",16,1,"01",0,0,1,1,0,0.1,0.5,0.2,0.5,0.005,0.25,16,"disjunctive",0,5,"1","d5","Bu=1",0.168321074228117,"Bu","Bu=1"
"65",17,1,"10",1,0,0,0,1,0.1,0.5,0.2,0.5,0.005,0.25,17,"disjunctive",0,4,"1","d4","A",-0.755728234267497,"A","A=1"
"66",17,1,"10",1,0,0,0,1,0.1,0.5,0.2,0.5,0.005,0.25,17,"disjunctive",0,4,"1","d4","Au=1",-0.522409579938592,"Au","Au=1"
"67",17,1,"10",1,0,0,0,1,0.1,0.5,0.2,0.5,0.005,0.25,17,"disjunctive",0,4,"1","d4","B",0.0523493791241952,"B","B=0"
"68",17,1,"10",1,0,0,0,1,0.1,0.5,0.2,0.5,0.005,0.25,17,"disjunctive",0,4,"1","d4","Bu=0",0.0665838030641407,"Bu","Bu=0"
"69",18,1,"10",1,0,0,1,1,0.1,0.5,0.2,0.5,0.005,0.25,18,"disjunctive",0.5,5,"1","d5","A",0.754565556984801,"A","A=1"
"70",18,1,"10",1,0,0,1,1,0.1,0.5,0.2,0.5,0.005,0.25,18,"disjunctive",0.5,5,"1","d5","Au=1",0.521615351299232,"Au","Au=1"
"71",18,1,"10",1,0,0,1,1,0.1,0.5,0.2,0.5,0.005,0.25,18,"disjunctive",0.5,5,"1","d5","B",-0.0518093248472086,"B","B=0"
"72",18,1,"10",1,0,0,1,1,0.1,0.5,0.2,0.5,0.005,0.25,18,"disjunctive",0.5,5,"1","d5","Bu=0",-0.0686643975558355,"Bu","Bu=0"
"73",19,1,"11",1,0,1,0,1,0.1,0.5,0.2,0.5,0.005,0.25,19,"disjunctive",0,4,"1","d4","A",-0.654874393483219,"A","A=1"
"74",19,1,"11",1,0,1,0,1,0.1,0.5,0.2,0.5,0.005,0.25,19,"disjunctive",0,4,"1","d4","Au=1",-0.452290051447733,"Au","Au=1"
"75",19,1,"11",1,0,1,0,1,0.1,0.5,0.2,0.5,0.005,0.25,19,"disjunctive",0,4,"1","d4","B",0.300380662831539,"B","B=0"
"76",19,1,"11",1,0,1,0,1,0.1,0.5,0.2,0.5,0.005,0.25,19,"disjunctive",0,4,"1","d4","Bu=1",-0.0718257371718888,"Bu","Bu=1"
"77",20,1,"11",1,0,1,1,1,0.1,0.5,0.2,0.5,0.005,0.25,20,"disjunctive",0.5,5,"1","d5","A",0.654507449154734,"A","A=1"
"78",20,1,"11",1,0,1,1,1,0.1,0.5,0.2,0.5,0.005,0.25,20,"disjunctive",0.5,5,"1","d5","Au=1",0.451242518432209,"Au","Au=1"
"79",20,1,"11",1,0,1,1,1,0.1,0.5,0.2,0.5,0.005,0.25,20,"disjunctive",0.5,5,"1","d5","B",-0.300990252296828,"B","B=0"
"80",20,1,"11",1,0,1,1,1,0.1,0.5,0.2,0.5,0.005,0.25,20,"disjunctive",0.5,5,"1","d5","Bu=1",0.0705851904726336,"Bu","Bu=1"
"81",21,1,"00",0,1,0,0,0,0.1,0.5,0.8,0.5,0.02,0.25,21,"disjunctive",1,6,"1","d6","A",-0.133858999830891,"A","A=1"
"82",21,1,"00",0,1,0,0,0,0.1,0.5,0.8,0.5,0.02,0.25,21,"disjunctive",1,6,"1","d6","Au=0",0.528596101343894,"Au","Au=0"
"83",21,1,"00",0,1,0,0,0,0.1,0.5,0.8,0.5,0.02,0.25,21,"disjunctive",1,6,"1","d6","B",-0.0751147349458994,"B","B=1"
"84",21,1,"00",0,1,0,0,0,0.1,0.5,0.8,0.5,0.02,0.25,21,"disjunctive",1,6,"1","d6","Bu=0",0.704970939378135,"Bu","Bu=0"
"85",22,1,"00",0,1,0,1,0,0.1,0.5,0.8,0.5,0.02,0.25,22,"disjunctive",0,7,"1","d7","A",0.135342725981068,"A","A=1"
"86",22,1,"00",0,1,0,1,0,0.1,0.5,0.8,0.5,0.02,0.25,22,"disjunctive",0,7,"1","d7","Au=0",-0.52849356432349,"Au","Au=0"
"87",22,1,"00",0,1,0,1,0,0.1,0.5,0.8,0.5,0.02,0.25,22,"disjunctive",0,7,"1","d7","B",0.0747876321541773,"B","B=1"
"88",22,1,"00",0,1,0,1,0,0.1,0.5,0.8,0.5,0.02,0.25,22,"disjunctive",0,7,"1","d7","Bu=0",-0.705021185047079,"Bu","Bu=0"
"89",23,1,"01",0,1,1,0,1,0.1,0.5,0.8,0.5,0.02,0.25,23,"disjunctive",0,6,"1","d6","A",-0.0345013291935347,"A","A=1"
"90",23,1,"01",0,1,1,0,1,0.1,0.5,0.8,0.5,0.02,0.25,23,"disjunctive",0,6,"1","d6","Au=0",0.136711495032189,"Au","Au=0"
"91",23,1,"01",0,1,1,0,1,0.1,0.5,0.8,0.5,0.02,0.25,23,"disjunctive",0,6,"1","d6","B",-0.469753252056487,"B","B=1"
"92",23,1,"01",0,1,1,0,1,0.1,0.5,0.8,0.5,0.02,0.25,23,"disjunctive",0,6,"1","d6","Bu=1",-0.779768987813569,"Bu","Bu=1"
"93",24,1,"01",0,1,1,1,1,0.1,0.5,0.8,0.5,0.02,0.25,24,"disjunctive",0.333333333333333,7,"1","d7","A",0.033985956902214,"A","A=1"
"94",24,1,"01",0,1,1,1,1,0.1,0.5,0.8,0.5,0.02,0.25,24,"disjunctive",0.333333333333333,7,"1","d7","Au=0",-0.136346038532426,"Au","Au=0"
"95",24,1,"01",0,1,1,1,1,0.1,0.5,0.8,0.5,0.02,0.25,24,"disjunctive",0.333333333333333,7,"1","d7","B",0.470295342870476,"B","B=1"
"96",24,1,"01",0,1,1,1,1,0.1,0.5,0.8,0.5,0.02,0.25,24,"disjunctive",0.333333333333333,7,"1","d7","Bu=1",0.778176719914435,"Bu","Bu=1"
"97",25,1,"10",1,1,0,0,1,0.1,0.5,0.8,0.5,0.02,0.25,25,"disjunctive",0,6,"1","d6","A",-0.691549525329079,"A","A=1"
"98",25,1,"10",1,1,0,0,1,0.1,0.5,0.8,0.5,0.02,0.25,25,"disjunctive",0,6,"1","d6","Au=1",-0.476578386468621,"Au","Au=1"
"99",25,1,"10",1,1,0,0,1,0.1,0.5,0.8,0.5,0.02,0.25,25,"disjunctive",0,6,"1","d6","B",-0.0299343926807807,"B","B=1"
"100",25,1,"10",1,1,0,0,1,0.1,0.5,0.8,0.5,0.02,0.25,25,"disjunctive",0,6,"1","d6","Bu=0",0.272478789959427,"Bu","Bu=0"
"101",26,1,"10",1,1,0,1,1,0.1,0.5,0.8,0.5,0.02,0.25,26,"disjunctive",0.333333333333333,7,"1","d7","A",0.691565096045171,"A","A=1"
"102",26,1,"10",1,1,0,1,1,0.1,0.5,0.8,0.5,0.02,0.25,26,"disjunctive",0.333333333333333,7,"1","d7","Au=1",0.477065390376797,"Au","Au=1"
"103",26,1,"10",1,1,0,1,1,0.1,0.5,0.8,0.5,0.02,0.25,26,"disjunctive",0.333333333333333,7,"1","d7","B",0.0293976783978591,"B","B=1"
"104",26,1,"10",1,1,0,1,1,0.1,0.5,0.8,0.5,0.02,0.25,26,"disjunctive",0.333333333333333,7,"1","d7","Bu=0",-0.270963429317039,"Bu","Bu=0"
"105",27,1,"11",1,1,1,0,1,0.1,0.5,0.8,0.5,0.02,0.25,27,"disjunctive",0,6,"1","d6","A",-0.285065939895786,"A","A=1"
"106",27,1,"11",1,1,1,0,1,0.1,0.5,0.8,0.5,0.02,0.25,27,"disjunctive",0,6,"1","d6","Au=1",-0.198222023391939,"Au","Au=1"
"107",27,1,"11",1,1,1,0,1,0.1,0.5,0.8,0.5,0.02,0.25,27,"disjunctive",0,6,"1","d6","B",-0.287906208515671,"B","B=1"
"108",27,1,"11",1,1,1,0,1,0.1,0.5,0.8,0.5,0.02,0.25,27,"disjunctive",0,6,"1","d6","Bu=1",-0.479805366873055,"Bu","Bu=1"
"109",28,1,"11",1,1,1,1,1,0.1,0.5,0.8,0.5,0.02,0.25,28,"disjunctive",0.333333333333333,7,"1","d7","A",0.285376502214326,"A","A=1"
"110",28,1,"11",1,1,1,1,1,0.1,0.5,0.8,0.5,0.02,0.25,28,"disjunctive",0.333333333333333,7,"1","d7","Au=1",0.198357628552606,"Au","Au=1"
"111",28,1,"11",1,1,1,1,1,0.1,0.5,0.8,0.5,0.02,0.25,28,"disjunctive",0.333333333333333,7,"1","d7","B",0.287829415689019,"B","B=1"
"112",28,1,"11",1,1,1,1,1,0.1,0.5,0.8,0.5,0.02,0.25,28,"disjunctive",0.333333333333333,7,"1","d7","Bu=1",0.480057890714172,"Bu","Bu=1"
"113",29,0,"00",0,0,0,0,0,0.9,0.5,0.2,0.5,0.045,0.25,1,"conjunctive",0.25,1,"1","c1","A",0.0691630118498526,"A","A=0"
"114",29,0,"00",0,0,0,0,0,0.9,0.5,0.2,0.5,0.045,0.25,1,"conjunctive",0.25,1,"1","c1","Au=0",0.0290281767599624,"Au","Au=0"
"115",29,0,"00",0,0,0,0,0,0.9,0.5,0.2,0.5,0.045,0.25,1,"conjunctive",0.25,1,"1","c1","B",0.0216606861563693,"B","B=0"
"116",29,0,"00",0,0,0,0,0,0.9,0.5,0.2,0.5,0.045,0.25,1,"conjunctive",0.25,1,"1","c1","Bu=0",0.0289794077486227,"Bu","Bu=0"
"117",30,0,"01",0,0,1,0,0,0.9,0.5,0.2,0.5,0.045,0.25,2,"conjunctive",0.25,1,"1","c1","A",0.177780895310137,"A","A=0"
"118",30,0,"01",0,0,1,0,0,0.9,0.5,0.2,0.5,0.045,0.25,2,"conjunctive",0.25,1,"1","c1","Au=0",0.0742408080467579,"Au","Au=0"
"119",30,0,"01",0,0,1,0,0,0.9,0.5,0.2,0.5,0.045,0.25,2,"conjunctive",0.25,1,"1","c1","B",0.055510872908194,"B","B=0"
"120",30,0,"01",0,0,1,0,0,0.9,0.5,0.2,0.5,0.045,0.25,2,"conjunctive",0.25,1,"1","c1","Bu=1",-0.0131154203929372,"Bu","Bu=1"
"121",31,0,"10",1,0,0,0,0,0.9,0.5,0.2,0.5,0.045,0.25,3,"conjunctive",0.25,1,"1","c1","A",0.172473294108098,"A","A=0"
"122",31,0,"10",1,0,0,0,0,0.9,0.5,0.2,0.5,0.045,0.25,3,"conjunctive",0.25,1,"1","c1","Au=1",-0.0127193187268204,"Au","Au=1"
"123",31,0,"10",1,0,0,0,0,0.9,0.5,0.2,0.5,0.045,0.25,3,"conjunctive",0.25,1,"1","c1","B",0.0538164825505848,"B","B=0"
"124",31,0,"10",1,0,0,0,0,0.9,0.5,0.2,0.5,0.045,0.25,3,"conjunctive",0.25,1,"1","c1","Bu=0",0.0721572937848205,"Bu","Bu=0"
"125",32,0,"11",1,0,1,0,0,0.9,0.5,0.2,0.5,0.045,0.25,4,"conjunctive",0.25,1,"1","c1","A",0.409615640016647,"A","A=0"
"126",32,0,"11",1,0,1,0,0,0.9,0.5,0.2,0.5,0.045,0.25,4,"conjunctive",0.25,1,"1","c1","Au=1",-0.0301266573920124,"Au","Au=1"
"127",32,0,"11",1,0,1,0,0,0.9,0.5,0.2,0.5,0.045,0.25,4,"conjunctive",0.25,1,"1","c1","B",0.127854074251846,"B","B=0"
"128",32,0,"11",1,0,1,0,0,0.9,0.5,0.2,0.5,0.045,0.25,4,"conjunctive",0.25,1,"1","c1","Bu=1",-0.0301295939761862,"Bu","Bu=1"
"129",33,0,"00",0,1,0,0,0,0.9,0.5,0.8,0.5,0.18,0.25,5,"conjunctive",0.25,2,"1","c2","A",0.14466318914144,"A","A=0"
"130",33,0,"00",0,1,0,0,0,0.9,0.5,0.8,0.5,0.18,0.25,5,"conjunctive",0.25,2,"1","c2","Au=0",0.0606440366908821,"Au","Au=0"
"131",33,0,"00",0,1,0,0,0,0.9,0.5,0.8,0.5,0.18,0.25,5,"conjunctive",0.25,2,"1","c2","B",-0.00642403753734289,"B","B=1"
"132",33,0,"00",0,1,0,0,0,0.9,0.5,0.8,0.5,0.18,0.25,5,"conjunctive",0.25,2,"1","c2","Bu=0",0.0608033093719919,"Bu","Bu=0"
"133",34,0,"01",0,1,1,0,0,0.9,0.5,0.8,0.5,0.18,0.25,6,"conjunctive",0.25,2,"1","c2","A",0.343599259204331,"A","A=0"
"134",34,0,"01",0,1,1,0,0,0.9,0.5,0.8,0.5,0.18,0.25,6,"conjunctive",0.25,2,"1","c2","Au=0",0.144401203483118,"Au","Au=0"
"135",34,0,"01",0,1,1,0,0,0.9,0.5,0.8,0.5,0.18,0.25,6,"conjunctive",0.25,2,"1","c2","B",-0.0153047052586204,"B","B=1"
"136",34,0,"01",0,1,1,0,0,0.9,0.5,0.8,0.5,0.18,0.25,6,"conjunctive",0.25,2,"1","c2","Bu=1",-0.0255161553381506,"Bu","Bu=1"
"137",35,0,"10",1,1,0,0,0,0.9,0.5,0.8,0.5,0.18,0.25,7,"conjunctive",0.25,2,"1","c2","A",0.342686902140041,"A","A=0"
"138",35,0,"10",1,1,0,0,0,0.9,0.5,0.8,0.5,0.18,0.25,7,"conjunctive",0.25,2,"1","c2","Au=1",-0.0252882879335965,"Au","Au=1"
"139",35,0,"10",1,1,0,0,0,0.9,0.5,0.8,0.5,0.18,0.25,7,"conjunctive",0.25,2,"1","c2","B",-0.0152385863388066,"B","B=1"
"140",35,0,"10",1,1,0,0,0,0.9,0.5,0.8,0.5,0.18,0.25,7,"conjunctive",0.25,2,"1","c2","Bu=0",0.143791340833183,"Bu","Bu=0"
"141",36,0,"11",1,1,1,0,0,0.9,0.5,0.8,0.5,0.18,0.25,8,"conjunctive",0.25,2,"1","c2","A",0.815837154147256,"A","A=0"
"142",36,0,"11",1,1,1,0,0,0.9,0.5,0.8,0.5,0.18,0.25,8,"conjunctive",0.25,2,"1","c2","Au=1",-0.0605324469230962,"Au","Au=1"
"143",36,0,"11",1,1,1,0,0,0.9,0.5,0.8,0.5,0.18,0.25,8,"conjunctive",0.25,2,"1","c2","B",-0.0363918766644164,"B","B=1"
"144",36,0,"11",1,1,1,0,0,0.9,0.5,0.8,0.5,0.18,0.25,8,"conjunctive",0.25,2,"1","c2","Bu=1",-0.0605400648535825,"Bu","Bu=1"
"145",37,1,"00",0,0,0,0,0,0.1,0.5,0.2,0.5,0.005,0.25,9,"conjunctive",0.25,3,"1","c3","A",-0.0381870018660387,"A","A=1"
"146",37,1,"00",0,0,0,0,0,0.1,0.5,0.2,0.5,0.005,0.25,9,"conjunctive",0.25,3,"1","c3","Au=0",0.149865996945695,"Au","Au=0"
"147",37,1,"00",0,0,0,0,0,0.1,0.5,0.2,0.5,0.005,0.25,9,"conjunctive",0.25,3,"1","c3","B",0.112036748287811,"B","B=0"
"148",37,1,"00",0,0,0,0,0,0.1,0.5,0.2,0.5,0.005,0.25,9,"conjunctive",0.25,3,"1","c3","Bu=0",0.149593024163615,"Bu","Bu=0"
"149",38,1,"01",0,0,1,0,0,0.1,0.5,0.2,0.5,0.005,0.25,10,"conjunctive",0.25,3,"1","c3","A",-0.091975023479138,"A","A=1"
"150",38,1,"01",0,0,1,0,0,0.1,0.5,0.2,0.5,0.005,0.25,10,"conjunctive",0.25,3,"1","c3","Au=0",0.359754714237101,"Au","Au=0"
"151",38,1,"01",0,0,1,0,0,0.1,0.5,0.2,0.5,0.005,0.25,10,"conjunctive",0.25,3,"1","c3","B",0.268825671835054,"B","B=0"
"152",38,1,"01",0,0,1,0,0,0.1,0.5,0.2,0.5,0.005,0.25,10,"conjunctive",0.25,3,"1","c3","Bu=1",-0.0635822560259165,"Bu","Bu=1"
"153",39,1,"10",1,0,0,0,0,0.1,0.5,0.2,0.5,0.005,0.25,11,"conjunctive",0.25,3,"1","c3","A",-0.092240757200037,"A","A=1"
"154",39,1,"10",1,0,0,0,0,0.1,0.5,0.2,0.5,0.005,0.25,11,"conjunctive",0.25,3,"1","c3","Au=1",-0.0635375972872484,"Au","Au=1"
"155",39,1,"10",1,0,0,0,0,0.1,0.5,0.2,0.5,0.005,0.25,11,"conjunctive",0.25,3,"1","c3","B",0.26959958642421,"B","B=0"
"156",39,1,"10",1,0,0,0,0,0.1,0.5,0.2,0.5,0.005,0.25,11,"conjunctive",0.25,3,"1","c3","Bu=0",0.360837002006557,"Bu","Bu=0"
"157",40,1,"11",1,0,1,0,0,0.1,0.5,0.2,0.5,0.005,0.25,12,"conjunctive",0.25,3,"1","c3","A",-0.231725224037501,"A","A=1"
"158",40,1,"11",1,0,1,0,0,0.1,0.5,0.2,0.5,0.005,0.25,12,"conjunctive",0.25,3,"1","c3","Au=1",-0.160485303505183,"Au","Au=1"
"159",40,1,"11",1,0,1,0,0,0.1,0.5,0.2,0.5,0.005,0.25,12,"conjunctive",0.25,3,"1","c3","B",0.678454050315623,"B","B=0"
"160",40,1,"11",1,0,1,0,0,0.1,0.5,0.2,0.5,0.005,0.25,12,"conjunctive",0.25,3,"1","c3","Bu=1",-0.160116486209126,"Bu","Bu=1"
"161",41,1,"00",0,1,0,0,0,0.1,0.5,0.8,0.5,0.02,0.25,13,"conjunctive",0.333333333333333,4,"1","c4","A",-0.0766711677278618,"A","A=1"
"162",41,1,"00",0,1,0,0,0,0.1,0.5,0.8,0.5,0.02,0.25,13,"conjunctive",0.333333333333333,4,"1","c4","Au=0",0.299363352763462,"Au","Au=0"
"163",41,1,"00",0,1,0,0,0,0.1,0.5,0.8,0.5,0.02,0.25,13,"conjunctive",0.333333333333333,4,"1","c4","B",-0.0318680632792916,"B","B=1"
"164",41,1,"00",0,1,0,0,0,0.1,0.5,0.8,0.5,0.02,0.25,13,"conjunctive",0.333333333333333,4,"1","c4","Bu=0",0.300062580938945,"Bu","Bu=0"
"165",42,1,"00",0,1,0,1,0,0.1,0.5,0.8,0.5,0.02,0.25,14,"conjunctive",0,5,"1","c5","A",0.0758711917202182,"A","A=1"
"166",42,1,"00",0,1,0,1,0,0.1,0.5,0.8,0.5,0.02,0.25,14,"conjunctive",0,5,"1","c5","Au=0",-0.297043357332842,"Au","Au=0"
"167",42,1,"00",0,1,0,1,0,0.1,0.5,0.8,0.5,0.02,0.25,14,"conjunctive",0,5,"1","c5","B",0.0314905215830523,"B","B=1"
"168",42,1,"00",0,1,0,1,0,0.1,0.5,0.8,0.5,0.02,0.25,14,"conjunctive",0,5,"1","c5","Bu=0",-0.297101485332151,"Bu","Bu=0"
"169",43,1,"01",0,1,1,0,0,0.1,0.5,0.8,0.5,0.02,0.25,15,"conjunctive",0.333333333333333,4,"1","c4","A",-0.18787396762471,"A","A=1"
"170",43,1,"01",0,1,1,0,0,0.1,0.5,0.8,0.5,0.02,0.25,15,"conjunctive",0.333333333333333,4,"1","c4","Au=0",0.735769429496297,"Au","Au=0"
"171",43,1,"01",0,1,1,0,0,0.1,0.5,0.8,0.5,0.02,0.25,15,"conjunctive",0.333333333333333,4,"1","c4","B",-0.0780314000015248,"B","B=1"
"172",43,1,"01",0,1,1,0,0,0.1,0.5,0.8,0.5,0.02,0.25,15,"conjunctive",0.333333333333333,4,"1","c4","Bu=1",-0.130161372262152,"Bu","Bu=1"
"173",44,1,"01",0,1,1,1,0,0.1,0.5,0.8,0.5,0.02,0.25,16,"conjunctive",0,5,"1","c5","A",0.188253569295369,"A","A=1"
"174",44,1,"01",0,1,1,1,0,0.1,0.5,0.8,0.5,0.02,0.25,16,"conjunctive",0,5,"1","c5","Au=0",-0.736949165521414,"Au","Au=0"
"175",44,1,"01",0,1,1,1,0,0.1,0.5,0.8,0.5,0.02,0.25,16,"conjunctive",0,5,"1","c5","B",0.0781915237519949,"B","B=1"
"176",44,1,"01",0,1,1,1,0,0.1,0.5,0.8,0.5,0.02,0.25,16,"conjunctive",0,5,"1","c5","Bu=1",0.129380156528315,"Bu","Bu=1"
"177",45,1,"10",1,1,0,0,0,0.1,0.5,0.8,0.5,0.02,0.25,17,"conjunctive",0.333333333333333,4,"1","c4","A",-0.18755011931989,"A","A=1"
"178",45,1,"10",1,1,0,0,0,0.1,0.5,0.8,0.5,0.02,0.25,17,"conjunctive",0.333333333333333,4,"1","c4","Au=1",-0.129596840718844,"Au","Au=1"
"179",45,1,"10",1,1,0,0,0,0.1,0.5,0.8,0.5,0.02,0.25,17,"conjunctive",0.333333333333333,4,"1","c4","B",-0.077900247864801,"B","B=1"
"180",45,1,"10",1,1,0,0,0,0.1,0.5,0.8,0.5,0.02,0.25,17,"conjunctive",0.333333333333333,4,"1","c4","Bu=0",0.735568123627948,"Bu","Bu=0"
"181",46,1,"10",1,1,0,1,0,0.1,0.5,0.8,0.5,0.02,0.25,18,"conjunctive",0,5,"1","c5","A",0.188746109596678,"A","A=1"
"182",46,1,"10",1,1,0,1,0,0.1,0.5,0.8,0.5,0.02,0.25,18,"conjunctive",0,5,"1","c5","Au=1",0.130202016549453,"Au","Au=1"
"183",46,1,"10",1,1,0,1,0,0.1,0.5,0.8,0.5,0.02,0.25,18,"conjunctive",0,5,"1","c5","B",0.0784256143257295,"B","B=1"
"184",46,1,"10",1,1,0,1,0,0.1,0.5,0.8,0.5,0.02,0.25,18,"conjunctive",0,5,"1","c5","Bu=0",-0.736571984246927,"Bu","Bu=0"
"185",47,1,"11",1,1,1,0,1,0.1,0.5,0.8,0.5,0.02,0.25,19,"conjunctive",0,4,"1","c4","A",-0.602226963250444,"A","A=1"
"186",47,1,"11",1,1,1,0,1,0.1,0.5,0.8,0.5,0.02,0.25,19,"conjunctive",0,4,"1","c4","Au=1",-0.416775202739952,"Au","Au=1"
"187",47,1,"11",1,1,1,0,1,0.1,0.5,0.8,0.5,0.02,0.25,19,"conjunctive",0,4,"1","c4","B",-0.250667193630116,"B","B=1"
"188",47,1,"11",1,1,1,0,1,0.1,0.5,0.8,0.5,0.02,0.25,19,"conjunctive",0,4,"1","c4","Bu=1",-0.417421087065125,"Bu","Bu=1"
"189",48,1,"11",1,1,1,1,1,0.1,0.5,0.8,0.5,0.02,0.25,20,"conjunctive",1,5,"1","c5","A",0.602074907726985,"A","A=1"
"190",48,1,"11",1,1,1,1,1,0.1,0.5,0.8,0.5,0.02,0.25,20,"conjunctive",1,5,"1","c5","Au=1",0.416229647199041,"Au","Au=1"
"191",48,1,"11",1,1,1,1,1,0.1,0.5,0.8,0.5,0.02,0.25,20,"conjunctive",1,5,"1","c5","B",0.251042929223674,"B","B=1"
"192",48,1,"11",1,1,1,1,1,0.1,0.5,0.8,0.5,0.02,0.25,20,"conjunctive",1,5,"1","c5","Bu=1",0.417080830125649,"Bu","Bu=1"
"193",481,0,"00",0,0,0,0,0,0.5,0.9,0.5,0.2,0.045,0.18,1,"disjunctive",0.18,1,"2","d1","A",0.0520449679264038,"A","A=0"
"194",481,0,"00",0,0,0,0,0,0.5,0.9,0.5,0.2,0.045,0.18,1,"disjunctive",0.18,1,"2","d1","Au=0",0.122815360889296,"Au","Au=0"
"195",481,0,"00",0,0,0,0,0,0.5,0.9,0.5,0.2,0.045,0.18,1,"disjunctive",0.18,1,"2","d1","B",0.433230895954517,"B","B=0"
"196",481,0,"00",0,0,0,0,0,0.5,0.9,0.5,0.2,0.045,0.18,1,"disjunctive",0.18,1,"2","d1","Bu=0",0.324490568024101,"Bu","Bu=0"
"197",482,0,"01",0,0,1,0,0,0.5,0.9,0.5,0.8,0.18,0.72,2,"disjunctive",0.72,1,"2","d1","A",0.026381248890985,"A","A=0"
"198",482,0,"01",0,0,1,0,0,0.5,0.9,0.5,0.8,0.18,0.72,2,"disjunctive",0.72,1,"2","d1","Au=0",0.060949791567803,"Au","Au=0"
"199",482,0,"01",0,0,1,0,0,0.5,0.9,0.5,0.8,0.18,0.72,2,"disjunctive",0.72,1,"2","d1","B",0.949755779595053,"B","B=0"
"200",482,0,"01",0,0,1,0,0,0.5,0.9,0.5,0.8,0.18,0.72,2,"disjunctive",0.72,1,"2","d1","Bu=1",-0.100570360772188,"Bu","Bu=1"
"201",483,0,"10",1,0,0,0,0,0.5,0.1,0.5,0.2,0.005,0.02,3,"disjunctive",0.02,1,"2","d1","A",0.72282717094627,"A","A=0"
"202",483,0,"10",1,0,0,0,0,0.5,0.1,0.5,0.2,0.005,0.02,3,"disjunctive",0.02,1,"2","d1","Au=1",-0.184233806805912,"Au","Au=1"
"203",483,0,"10",1,0,0,0,0,0.5,0.1,0.5,0.2,0.005,0.02,3,"disjunctive",0.02,1,"2","d1","B",0.21764267248908,"B","B=0"
"204",483,0,"10",1,0,0,0,0,0.5,0.1,0.5,0.2,0.005,0.02,3,"disjunctive",0.02,1,"2","d1","Bu=0",0.162343541906784,"Bu","Bu=0"
"205",484,0,"11",1,0,1,0,0,0.5,0.1,0.5,0.8,0.02,0.08,4,"disjunctive",0.08,1,"2","d1","A",0.52817234107508,"A","A=0"
"206",484,0,"11",1,0,1,0,0,0.5,0.1,0.5,0.8,0.02,0.08,4,"disjunctive",0.08,1,"2","d1","Au=1",-0.13555877124434,"Au","Au=1"
"207",484,0,"11",1,0,1,0,0,0.5,0.1,0.5,0.8,0.02,0.08,4,"disjunctive",0.08,1,"2","d1","B",0.703900331699271,"B","B=0"
"208",484,0,"11",1,0,1,0,0,0.5,0.1,0.5,0.8,0.02,0.08,4,"disjunctive",0.08,1,"2","d1","Bu=1",-0.0773510487736851,"Bu","Bu=1"
"209",485,0,"00",0,1,0,0,0,0.5,0.9,0.5,0.2,0.045,0.18,5,"disjunctive",0.9,2,"2","d2","A",0.0201815568535794,"A","A=0"
"210",485,0,"00",0,1,0,0,0,0.5,0.9,0.5,0.2,0.045,0.18,5,"disjunctive",0.9,2,"2","d2","Au=0",0.0492810810785921,"Au","Au=0"
"211",485,0,"00",0,1,0,0,0,0.5,0.9,0.5,0.2,0.045,0.18,5,"disjunctive",0.9,2,"2","d2","B",-0.210326903775763,"B","B=1"
"212",485,0,"00",0,1,0,0,0,0.5,0.9,0.5,0.2,0.045,0.18,5,"disjunctive",0.9,2,"2","d2","Bu=0",0.890828223092872,"Bu","Bu=0"
"213",486,0,"00",0,1,0,1,0,0.5,0.9,0.5,0.2,0.045,0.18,6,"disjunctive",0,3,"2","d3","A",-0.0207674691166954,"A","A=0"
"214",486,0,"00",0,1,0,1,0,0.5,0.9,0.5,0.2,0.045,0.18,6,"disjunctive",0,3,"2","d3","Au=0",-0.0501885754590872,"Au","Au=0"
"215",486,0,"00",0,1,0,1,0,0.5,0.9,0.5,0.2,0.045,0.18,6,"disjunctive",0,3,"2","d3","B",0.210539446816922,"B","B=1"
"216",486,0,"00",0,1,0,1,0,0.5,0.9,0.5,0.2,0.045,0.18,6,"disjunctive",0,3,"2","d3","Bu=0",-0.890253840187945,"Bu","Bu=0"
"217",487,0,"01",0,1,1,0,1,0.5,0.9,0.5,0.8,0.18,0.72,7,"disjunctive",0,2,"2","d2","A",0.0076601075814617,"A","A=0"
"218",487,0,"01",0,1,1,0,1,0.5,0.9,0.5,0.8,0.18,0.72,7,"disjunctive",0,2,"2","d2","Au=0",0.0120864450386276,"Au","Au=0"
"219",487,0,"01",0,1,1,0,1,0.5,0.9,0.5,0.8,0.18,0.72,7,"disjunctive",0,2,"2","d2","B",-0.835175971234952,"B","B=1"
"220",487,0,"01",0,1,1,0,1,0.5,0.9,0.5,0.8,0.18,0.72,7,"disjunctive",0,2,"2","d2","Bu=1",-0.502600617541041,"Bu","Bu=1"
"221",488,0,"01",0,1,1,1,1,0.5,0.9,0.5,0.8,0.18,0.72,8,"disjunctive",0.9,3,"2","d3","A",-0.00594382029712572,"A","A=0"
"222",488,0,"01",0,1,1,1,1,0.5,0.9,0.5,0.8,0.18,0.72,8,"disjunctive",0.9,3,"2","d3","Au=0",-0.0124281152989063,"Au","Au=0"
"223",488,0,"01",0,1,1,1,1,0.5,0.9,0.5,0.8,0.18,0.72,8,"disjunctive",0.9,3,"2","d3","B",0.834976402964678,"B","B=1"
"224",488,0,"01",0,1,1,1,1,0.5,0.9,0.5,0.8,0.18,0.72,8,"disjunctive",0.9,3,"2","d3","Bu=1",0.503253215983593,"Bu","Bu=1"
"225",489,0,"10",1,1,0,0,0,0.5,0.1,0.5,0.2,0.005,0.02,9,"disjunctive",0.1,2,"2","d2","A",0.456822172581082,"A","A=0"
"226",489,0,"10",1,1,0,0,0,0.5,0.1,0.5,0.2,0.005,0.02,9,"disjunctive",0.1,2,"2","d2","Au=1",-0.115219525471551,"Au","Au=1"
"227",489,0,"10",1,1,0,0,0,0.5,0.1,0.5,0.2,0.005,0.02,9,"disjunctive",0.1,2,"2","d2","B",-0.167417774643184,"B","B=1"
"228",489,0,"10",1,1,0,0,0,0.5,0.1,0.5,0.2,0.005,0.02,9,"disjunctive",0.1,2,"2","d2","Bu=0",0.710738512730538,"Bu","Bu=0"
"229",490,0,"10",1,1,0,1,0,0.5,0.1,0.5,0.2,0.005,0.02,10,"disjunctive",0,3,"2","d3","A",-0.456771635145984,"A","A=0"
"230",490,0,"10",1,1,0,1,0,0.5,0.1,0.5,0.2,0.005,0.02,10,"disjunctive",0,3,"2","d3","Au=1",0.116950956753359,"Au","Au=1"
"231",490,0,"10",1,1,0,1,0,0.5,0.1,0.5,0.2,0.005,0.02,10,"disjunctive",0,3,"2","d3","B",0.167680712786906,"B","B=1"
"232",490,0,"10",1,1,0,1,0,0.5,0.1,0.5,0.2,0.005,0.02,10,"disjunctive",0,3,"2","d3","Bu=0",-0.711632080519335,"Bu","Bu=0"
"233",491,0,"11",1,1,1,0,1,0.5,0.1,0.5,0.8,0.02,0.08,11,"disjunctive",0,2,"2","d2","A",0.136184874323481,"A","A=0"
"234",491,0,"11",1,1,1,0,1,0.5,0.1,0.5,0.8,0.02,0.08,11,"disjunctive",0,2,"2","d2","Au=1",-0.0340624161537931,"Au","Au=1"
"235",491,0,"11",1,1,1,0,1,0.5,0.1,0.5,0.8,0.02,0.08,11,"disjunctive",0,2,"2","d2","B",-0.779504245871679,"B","B=1"
"236",491,0,"11",1,1,1,0,1,0.5,0.1,0.5,0.8,0.02,0.08,11,"disjunctive",0,2,"2","d2","Bu=1",-0.46974602981125,"Bu","Bu=1"
"237",492,0,"11",1,1,1,1,1,0.5,0.1,0.5,0.8,0.02,0.08,12,"disjunctive",0.1,3,"2","d3","A",-0.135587784439844,"A","A=0"
"238",492,0,"11",1,1,1,1,1,0.5,0.1,0.5,0.8,0.02,0.08,12,"disjunctive",0.1,3,"2","d3","Au=1",0.036779760613243,"Au","Au=1"
"239",492,0,"11",1,1,1,1,1,0.5,0.1,0.5,0.8,0.02,0.08,12,"disjunctive",0.1,3,"2","d3","B",0.778970160095507,"B","B=1"
"240",492,0,"11",1,1,1,1,1,0.5,0.1,0.5,0.8,0.02,0.08,12,"disjunctive",0.1,3,"2","d3","Bu=1",0.469901631901567,"Bu","Bu=1"
"241",493,1,"00",0,0,0,0,0,0.5,0.9,0.5,0.2,0.045,0.18,13,"disjunctive",0.2,4,"2","d4","A",-0.0436257345818307,"A","A=1"
"242",493,1,"00",0,0,0,0,0,0.5,0.9,0.5,0.2,0.045,0.18,13,"disjunctive",0.2,4,"2","d4","Au=0",0.588873051439723,"Au","Au=0"
"243",493,1,"00",0,0,0,0,0,0.5,0.9,0.5,0.2,0.045,0.18,13,"disjunctive",0.2,4,"2","d4","B",0.348060459525878,"B","B=0"
"244",493,1,"00",0,0,0,0,0,0.5,0.9,0.5,0.2,0.045,0.18,13,"disjunctive",0.2,4,"2","d4","Bu=0",0.259891558840766,"Bu","Bu=0"
"245",494,1,"00",0,0,0,1,0,0.5,0.9,0.5,0.2,0.045,0.18,14,"disjunctive",0,5,"2","d5","A",0.0427744233997294,"A","A=1"
"246",494,1,"00",0,0,0,1,0,0.5,0.9,0.5,0.2,0.045,0.18,14,"disjunctive",0,5,"2","d5","Au=0",-0.58395909951135,"Au","Au=0"
"247",494,1,"00",0,0,0,1,0,0.5,0.9,0.5,0.2,0.045,0.18,14,"disjunctive",0,5,"2","d5","B",-0.351336760851421,"B","B=0"
"248",494,1,"00",0,0,0,1,0,0.5,0.9,0.5,0.2,0.045,0.18,14,"disjunctive",0,5,"2","d5","Bu=0",-0.26186882135332,"Bu","Bu=0"
"249",495,1,"01",0,0,1,0,0,0.5,0.9,0.5,0.8,0.18,0.72,15,"disjunctive",0.8,4,"2","d4","A",-0.0251260069805976,"A","A=1"
"250",495,1,"01",0,0,1,0,0,0.5,0.9,0.5,0.8,0.18,0.72,15,"disjunctive",0.8,4,"2","d4","Au=0",0.338068542024132,"Au","Au=0"
"251",495,1,"01",0,0,1,0,0,0.5,0.9,0.5,0.8,0.18,0.72,15,"disjunctive",0.8,4,"2","d4","B",0.885345915127222,"B","B=0"
"252",495,1,"01",0,0,1,0,0,0.5,0.9,0.5,0.8,0.18,0.72,15,"disjunctive",0.8,4,"2","d4","Bu=1",-0.0936567652009604,"Bu","Bu=1"
"253",496,1,"01",0,0,1,1,0,0.5,0.9,0.5,0.8,0.18,0.72,16,"disjunctive",0,5,"2","d5","A",0.0265033293627571,"A","A=1"
"254",496,1,"01",0,0,1,1,0,0.5,0.9,0.5,0.8,0.18,0.72,16,"disjunctive",0,5,"2","d5","Au=0",-0.335894387815776,"Au","Au=0"
"255",496,1,"01",0,0,1,1,0,0.5,0.9,0.5,0.8,0.18,0.72,16,"disjunctive",0,5,"2","d5","B",-0.886753835131234,"B","B=0"
"256",496,1,"01",0,0,1,1,0,0.5,0.9,0.5,0.8,0.18,0.72,16,"disjunctive",0,5,"2","d5","Bu=1",0.0934511043112706,"Bu","Bu=1"
"257",497,1,"10",1,0,0,0,1,0.5,0.1,0.5,0.2,0.005,0.02,17,"disjunctive",0,4,"2","d4","A",-0.52266365285886,"A","A=1"
"258",497,1,"10",1,0,0,0,1,0.5,0.1,0.5,0.2,0.005,0.02,17,"disjunctive",0,4,"2","d4","Au=1",-0.754484642124381,"Au","Au=1"
"259",497,1,"10",1,0,0,0,1,0.5,0.1,0.5,0.2,0.005,0.02,17,"disjunctive",0,4,"2","d4","B",0.068198521556632,"B","B=0"
"260",497,1,"10",1,0,0,0,1,0.5,0.1,0.5,0.2,0.005,0.02,17,"disjunctive",0,4,"2","d4","Bu=0",0.049905852226317,"Bu","Bu=0"
"261",498,1,"10",1,0,0,1,1,0.5,0.1,0.5,0.2,0.005,0.02,18,"disjunctive",0.2,5,"2","d5","A",0.520819213471375,"A","A=1"
"262",498,1,"10",1,0,0,1,1,0.5,0.1,0.5,0.2,0.005,0.02,18,"disjunctive",0.2,5,"2","d5","Au=1",0.755510709333171,"Au","Au=1"
"263",498,1,"10",1,0,0,1,1,0.5,0.1,0.5,0.2,0.005,0.02,18,"disjunctive",0.2,5,"2","d5","B",-0.0685606067899469,"B","B=0"
"264",498,1,"10",1,0,0,1,1,0.5,0.1,0.5,0.2,0.005,0.02,18,"disjunctive",0.2,5,"2","d5","Bu=0",-0.0520672225126204,"Bu","Bu=0"
"265",499,1,"11",1,0,1,0,1,0.5,0.1,0.5,0.8,0.02,0.08,19,"disjunctive",0,4,"2","d4","A",-0.477454911072647,"A","A=1"
"266",499,1,"11",1,0,1,0,1,0.5,0.1,0.5,0.8,0.02,0.08,19,"disjunctive",0,4,"2","d4","Au=1",-0.691829386978224,"Au","Au=1"
"267",499,1,"11",1,0,1,0,1,0.5,0.1,0.5,0.8,0.02,0.08,19,"disjunctive",0,4,"2","d4","B",0.271838159554581,"B","B=0"
"268",499,1,"11",1,0,1,0,1,0.5,0.1,0.5,0.8,0.02,0.08,19,"disjunctive",0,4,"2","d4","Bu=1",-0.0263953987337801,"Bu","Bu=1"
"269",500,1,"11",1,0,1,1,1,0.5,0.1,0.5,0.8,0.02,0.08,20,"disjunctive",0.8,5,"2","d5","A",0.47623608465086,"A","A=1"
"270",500,1,"11",1,0,1,1,1,0.5,0.1,0.5,0.8,0.02,0.08,20,"disjunctive",0.8,5,"2","d5","Au=1",0.692483673833346,"Au","Au=1"
"271",500,1,"11",1,0,1,1,1,0.5,0.1,0.5,0.8,0.02,0.08,20,"disjunctive",0.8,5,"2","d5","B",-0.271138843796635,"B","B=0"
"272",500,1,"11",1,0,1,1,1,0.5,0.1,0.5,0.8,0.02,0.08,20,"disjunctive",0.8,5,"2","d5","Bu=1",0.027563179832361,"Bu","Bu=1"
"273",501,1,"00",0,1,0,0,0,0.5,0.9,0.5,0.2,0.045,0.18,21,"disjunctive",1,6,"2","d6","A",-0.0188867200516921,"A","A=1"
"274",501,1,"00",0,1,0,0,0,0.5,0.9,0.5,0.2,0.045,0.18,21,"disjunctive",1,6,"2","d6","Au=0",0.276696708835207,"Au","Au=0"
"275",501,1,"00",0,1,0,0,0,0.5,0.9,0.5,0.2,0.045,0.18,21,"disjunctive",1,6,"2","d6","B",-0.200049889969472,"B","B=1"
"276",501,1,"00",0,1,0,0,0,0.5,0.9,0.5,0.2,0.045,0.18,21,"disjunctive",1,6,"2","d6","Bu=0",0.847628047475179,"Bu","Bu=0"
"277",502,1,"00",0,1,0,1,0,0.5,0.9,0.5,0.2,0.045,0.18,22,"disjunctive",0,7,"2","d7","A",0.0202813400500981,"A","A=1"
"278",502,1,"00",0,1,0,1,0,0.5,0.9,0.5,0.2,0.045,0.18,22,"disjunctive",0,7,"2","d7","Au=0",-0.276942313547929,"Au","Au=0"
"279",502,1,"00",0,1,0,1,0,0.5,0.9,0.5,0.2,0.045,0.18,22,"disjunctive",0,7,"2","d7","B",0.200189117822652,"B","B=1"
"280",502,1,"00",0,1,0,1,0,0.5,0.9,0.5,0.2,0.045,0.18,22,"disjunctive",0,7,"2","d7","Bu=0",-0.848416679939018,"Bu","Bu=0"
"281",503,1,"01",0,1,1,0,1,0.5,0.9,0.5,0.8,0.18,0.72,23,"disjunctive",0,6,"2","d6","A",-0.00600402818469493,"A","A=1"
"282",503,1,"01",0,1,1,0,1,0.5,0.9,0.5,0.8,0.18,0.72,23,"disjunctive",0,6,"2","d6","Au=0",0.073583999390758,"Au","Au=0"
"283",503,1,"01",0,1,1,0,1,0.5,0.9,0.5,0.8,0.18,0.72,23,"disjunctive",0,6,"2","d6","B",-0.824558419183066,"B","B=1"
"284",503,1,"01",0,1,1,0,1,0.5,0.9,0.5,0.8,0.18,0.72,23,"disjunctive",0,6,"2","d6","Bu=1",-0.496274044881872,"Bu","Bu=1"
"285",504,1,"01",0,1,1,1,1,0.5,0.9,0.5,0.8,0.18,0.72,24,"disjunctive",0.878048780487805,7,"2","d7","A",0.00592789729354854,"A","A=1"
"286",504,1,"01",0,1,1,1,1,0.5,0.9,0.5,0.8,0.18,0.72,24,"disjunctive",0.878048780487805,7,"2","d7","Au=0",-0.0737040464785195,"Au","Au=0"
"287",504,1,"01",0,1,1,1,1,0.5,0.9,0.5,0.8,0.18,0.72,24,"disjunctive",0.878048780487805,7,"2","d7","B",0.823896731303596,"B","B=1"
"288",504,1,"01",0,1,1,1,1,0.5,0.9,0.5,0.8,0.18,0.72,24,"disjunctive",0.878048780487805,7,"2","d7","Bu=1",0.49522299122855,"Bu","Bu=1"
"289",505,1,"10",1,1,0,0,1,0.5,0.1,0.5,0.2,0.005,0.02,25,"disjunctive",0,6,"2","d6","A",-0.449763782176338,"A","A=1"
"290",505,1,"10",1,1,0,0,1,0.5,0.1,0.5,0.2,0.005,0.02,25,"disjunctive",0,6,"2","d6","Au=1",-0.654678622986307,"Au","Au=1"
"291",505,1,"10",1,1,0,0,1,0.5,0.1,0.5,0.2,0.005,0.02,25,"disjunctive",0,6,"2","d6","B",-0.0711505203876026,"B","B=1"
"292",505,1,"10",1,1,0,0,1,0.5,0.1,0.5,0.2,0.005,0.02,25,"disjunctive",0,6,"2","d6","Bu=0",0.300284009000995,"Bu","Bu=0"
"293",506,1,"10",1,1,0,1,1,0.5,0.1,0.5,0.2,0.005,0.02,26,"disjunctive",0.024390243902439,7,"2","d7","A",0.452239320679688,"A","A=1"
"294",506,1,"10",1,1,0,1,1,0.5,0.1,0.5,0.2,0.005,0.02,26,"disjunctive",0.024390243902439,7,"2","d7","Au=1",0.654650660472298,"Au","Au=1"
"295",506,1,"10",1,1,0,1,1,0.5,0.1,0.5,0.2,0.005,0.02,26,"disjunctive",0.024390243902439,7,"2","d7","B",0.068019023823858,"B","B=1"
"296",506,1,"10",1,1,0,1,1,0.5,0.1,0.5,0.2,0.005,0.02,26,"disjunctive",0.024390243902439,7,"2","d7","Bu=0",-0.300407674301061,"Bu","Bu=0"
"297",507,1,"11",1,1,1,0,1,0.5,0.1,0.5,0.8,0.02,0.08,27,"disjunctive",0,6,"2","d6","A",-0.199668898644694,"A","A=1"
"298",507,1,"11",1,1,1,0,1,0.5,0.1,0.5,0.8,0.02,0.08,27,"disjunctive",0,6,"2","d6","Au=1",-0.28310553265155,"Au","Au=1"
"299",507,1,"11",1,1,1,0,1,0.5,0.1,0.5,0.8,0.02,0.08,27,"disjunctive",0,6,"2","d6","B",-0.481293814363403,"B","B=1"
"300",507,1,"11",1,1,1,0,1,0.5,0.1,0.5,0.8,0.02,0.08,27,"disjunctive",0,6,"2","d6","Bu=1",-0.286780450714472,"Bu","Bu=1"
"301",508,1,"11",1,1,1,1,1,0.5,0.1,0.5,0.8,0.02,0.08,28,"disjunctive",0.0975609756097561,7,"2","d7","A",0.197295355114765,"A","A=1"
"302",508,1,"11",1,1,1,1,1,0.5,0.1,0.5,0.8,0.02,0.08,28,"disjunctive",0.0975609756097561,7,"2","d7","Au=1",0.285232125270515,"Au","Au=1"
"303",508,1,"11",1,1,1,1,1,0.5,0.1,0.5,0.8,0.02,0.08,28,"disjunctive",0.0975609756097561,7,"2","d7","B",0.478774450672844,"B","B=1"
"304",508,1,"11",1,1,1,1,1,0.5,0.1,0.5,0.8,0.02,0.08,28,"disjunctive",0.0975609756097561,7,"2","d7","Bu=1",0.28712891173494,"Bu","Bu=1"
"305",509,0,"00",0,0,0,0,0,0.5,0.9,0.5,0.2,0.045,0.18,1,"conjunctive",0.18,1,"2","c1","A",0.0296613208821836,"A","A=0"
"306",509,0,"00",0,0,0,0,0,0.5,0.9,0.5,0.2,0.045,0.18,1,"conjunctive",0.18,1,"2","c1","Au=0",0.0708527553636911,"Au","Au=0"
"307",509,0,"00",0,0,0,0,0,0.5,0.9,0.5,0.2,0.045,0.18,1,"conjunctive",0.18,1,"2","c1","B",0.0296573898413086,"B","B=0"
"308",509,0,"00",0,0,0,0,0,0.5,0.9,0.5,0.2,0.045,0.18,1,"conjunctive",0.18,1,"2","c1","Bu=0",0.0221712722323385,"Bu","Bu=0"
"309",510,0,"01",0,0,1,0,0,0.5,0.9,0.5,0.8,0.18,0.72,2,"conjunctive",0.72,1,"2","c1","A",0.0604316621319997,"A","A=0"
"310",510,0,"01",0,0,1,0,0,0.5,0.9,0.5,0.8,0.18,0.72,2,"conjunctive",0.72,1,"2","c1","Au=0",0.144750912941797,"Au","Au=0"
"311",510,0,"01",0,0,1,0,0,0.5,0.9,0.5,0.8,0.18,0.72,2,"conjunctive",0.72,1,"2","c1","B",0.0603711343369564,"B","B=0"
"312",510,0,"01",0,0,1,0,0,0.5,0.9,0.5,0.8,0.18,0.72,2,"conjunctive",0.72,1,"2","c1","Bu=1",-0.00639583248513041,"Bu","Bu=1"
"313",511,0,"10",1,0,0,0,0,0.5,0.1,0.5,0.2,0.005,0.02,3,"conjunctive",0.02,1,"2","c1","A",0.148978588095199,"A","A=0"
"314",511,0,"10",1,0,0,0,0,0.5,0.1,0.5,0.2,0.005,0.02,3,"conjunctive",0.02,1,"2","c1","Au=1",-0.0380942174963504,"Au","Au=1"
"315",511,0,"10",1,0,0,0,0,0.5,0.1,0.5,0.2,0.005,0.02,3,"conjunctive",0.02,1,"2","c1","B",0.1492980086469,"B","B=0"
"316",511,0,"10",1,0,0,0,0,0.5,0.1,0.5,0.2,0.005,0.02,3,"conjunctive",0.02,1,"2","c1","Bu=0",0.11139790703179,"Bu","Bu=0"
"317",512,0,"11",1,0,1,0,0,0.5,0.1,0.5,0.8,0.02,0.08,4,"conjunctive",0.08,1,"2","c1","A",0.298771002021417,"A","A=0"
"318",512,0,"11",1,0,1,0,0,0.5,0.1,0.5,0.8,0.02,0.08,4,"conjunctive",0.08,1,"2","c1","Au=1",-0.076243998969222,"Au","Au=1"
"319",512,0,"11",1,0,1,0,0,0.5,0.1,0.5,0.8,0.02,0.08,4,"conjunctive",0.08,1,"2","c1","B",0.298638253029761,"B","B=0"
"320",512,0,"11",1,0,1,0,0,0.5,0.1,0.5,0.8,0.02,0.08,4,"conjunctive",0.08,1,"2","c1","Bu=1",-0.031846085274887,"Bu","Bu=1"
"321",513,0,"00",0,1,0,0,0,0.5,0.9,0.5,0.2,0.045,0.18,5,"conjunctive",0.18,2,"2","c2","A",0.0721989380488944,"A","A=0"
"322",513,0,"00",0,1,0,0,0,0.5,0.9,0.5,0.2,0.045,0.18,5,"conjunctive",0.18,2,"2","c2","Au=0",0.172728437340371,"Au","Au=0"
"323",513,0,"00",0,1,0,0,0,0.5,0.9,0.5,0.2,0.045,0.18,5,"conjunctive",0.18,2,"2","c2","B",-0.0127273987167075,"B","B=1"
"324",513,0,"00",0,1,0,0,0,0.5,0.9,0.5,0.2,0.045,0.18,5,"conjunctive",0.18,2,"2","c2","Bu=0",0.0539896007098237,"Bu","Bu=0"
"325",514,0,"01",0,1,1,0,0,0.5,0.9,0.5,0.8,0.18,0.72,6,"conjunctive",0.72,2,"2","c2","A",0.142227714716344,"A","A=0"
"326",514,0,"01",0,1,1,0,0,0.5,0.9,0.5,0.8,0.18,0.72,6,"conjunctive",0.72,2,"2","c2","Au=0",0.339294674533435,"Au","Au=0"
"327",514,0,"01",0,1,1,0,0,0.5,0.9,0.5,0.8,0.18,0.72,6,"conjunctive",0.72,2,"2","c2","B",-0.0250746800996688,"B","B=1"
"328",514,0,"01",0,1,1,0,0,0.5,0.9,0.5,0.8,0.18,0.72,6,"conjunctive",0.72,2,"2","c2","Bu=1",-0.015100015003148,"Bu","Bu=1"
"329",515,0,"10",1,1,0,0,0,0.5,0.1,0.5,0.2,0.005,0.02,7,"conjunctive",0.02,2,"2","c2","A",0.358022952273876,"A","A=0"
"330",515,0,"10",1,1,0,0,0,0.5,0.1,0.5,0.2,0.005,0.02,7,"conjunctive",0.02,2,"2","c2","Au=1",-0.0915078767461088,"Au","Au=1"
"331",515,0,"10",1,1,0,0,0,0.5,0.1,0.5,0.2,0.005,0.02,7,"conjunctive",0.02,2,"2","c2","B",-0.0631669173178904,"B","B=1"
"332",515,0,"10",1,1,0,0,0,0.5,0.1,0.5,0.2,0.005,0.02,7,"conjunctive",0.02,2,"2","c2","Bu=0",0.267160169716245,"Bu","Bu=0"
"333",516,0,"11",1,1,1,0,0,0.5,0.1,0.5,0.8,0.02,0.08,8,"conjunctive",0.08,2,"2","c2","A",0.734852188263301,"A","A=0"
"334",516,0,"11",1,1,1,0,0,0.5,0.1,0.5,0.8,0.02,0.08,8,"conjunctive",0.08,2,"2","c2","Au=1",-0.18836350129527,"Au","Au=1"
"335",516,0,"11",1,1,1,0,0,0.5,0.1,0.5,0.8,0.02,0.08,8,"conjunctive",0.08,2,"2","c2","B",-0.12985131267442,"B","B=1"
"336",516,0,"11",1,1,1,0,0,0.5,0.1,0.5,0.8,0.02,0.08,8,"conjunctive",0.08,2,"2","c2","Bu=1",-0.0778893261785283,"Bu","Bu=1"
"337",517,1,"00",0,0,0,0,0,0.5,0.9,0.5,0.2,0.045,0.18,9,"conjunctive",0.18,3,"2","c3","A",-0.0127391758753455,"A","A=1"
"338",517,1,"00",0,0,0,0,0,0.5,0.9,0.5,0.2,0.045,0.18,9,"conjunctive",0.18,3,"2","c3","Au=0",0.172031410125611,"Au","Au=0"
"339",517,1,"00",0,0,0,0,0,0.5,0.9,0.5,0.2,0.045,0.18,9,"conjunctive",0.18,3,"2","c3","B",0.0723382704334881,"B","B=0"
"340",517,1,"00",0,0,0,0,0,0.5,0.9,0.5,0.2,0.045,0.18,9,"conjunctive",0.18,3,"2","c3","Bu=0",0.0539367495628891,"Bu","Bu=0"
"341",518,1,"01",0,0,1,0,0,0.5,0.9,0.5,0.8,0.18,0.72,10,"conjunctive",0.72,3,"2","c3","A",-0.0250924538332862,"A","A=1"
"342",518,1,"01",0,0,1,0,0,0.5,0.9,0.5,0.8,0.18,0.72,10,"conjunctive",0.72,3,"2","c3","Au=0",0.340647902279669,"Au","Au=0"
"343",518,1,"01",0,0,1,0,0,0.5,0.9,0.5,0.8,0.18,0.72,10,"conjunctive",0.72,3,"2","c3","B",0.142388392832321,"B","B=0"
"344",518,1,"01",0,0,1,0,0,0.5,0.9,0.5,0.8,0.18,0.72,10,"conjunctive",0.72,3,"2","c3","Bu=1",-0.0150890386253102,"Bu","Bu=1"
"345",519,1,"10",1,0,0,0,0,0.5,0.1,0.5,0.2,0.005,0.02,11,"conjunctive",0.02,3,"2","c3","A",-0.0636874546908193,"A","A=1"
"346",519,1,"10",1,0,0,0,0,0.5,0.1,0.5,0.2,0.005,0.02,11,"conjunctive",0.02,3,"2","c3","Au=1",-0.0922165718108539,"Au","Au=1"
"347",519,1,"10",1,0,0,0,0,0.5,0.1,0.5,0.2,0.005,0.02,11,"conjunctive",0.02,3,"2","c3","B",0.360583995605678,"B","B=0"
"348",519,1,"10",1,0,0,0,0,0.5,0.1,0.5,0.2,0.005,0.02,11,"conjunctive",0.02,3,"2","c3","Bu=0",0.269422971014092,"Bu","Bu=0"
"349",520,1,"11",1,0,1,0,0,0.5,0.1,0.5,0.8,0.02,0.08,12,"conjunctive",0.08,3,"2","c3","A",-0.130281580449551,"A","A=1"
"350",520,1,"11",1,0,1,0,0,0.5,0.1,0.5,0.8,0.02,0.08,12,"conjunctive",0.08,3,"2","c3","Au=1",-0.188327818927966,"Au","Au=1"
"351",520,1,"11",1,0,1,0,0,0.5,0.1,0.5,0.8,0.02,0.08,12,"conjunctive",0.08,3,"2","c3","B",0.73755377057744,"B","B=0"
"352",520,1,"11",1,0,1,0,0,0.5,0.1,0.5,0.8,0.02,0.08,12,"conjunctive",0.08,3,"2","c3","Bu=1",-0.0782762468479107,"Bu","Bu=1"
"353",521,1,"00",0,1,0,0,0,0.5,0.9,0.5,0.2,0.045,0.18,13,"conjunctive",0.195652173913043,4,"2","c4","A",-0.0299498599112212,"A","A=1"
"354",521,1,"00",0,1,0,0,0,0.5,0.9,0.5,0.2,0.045,0.18,13,"conjunctive",0.195652173913043,4,"2","c4","Au=0",0.410140898334671,"Au","Au=0"
"355",521,1,"00",0,1,0,0,0,0.5,0.9,0.5,0.2,0.045,0.18,13,"conjunctive",0.195652173913043,4,"2","c4","B",-0.0299574306950685,"B","B=1"
"356",521,1,"00",0,1,0,0,0,0.5,0.9,0.5,0.2,0.045,0.18,13,"conjunctive",0.195652173913043,4,"2","c4","Bu=0",0.126832915478717,"Bu","Bu=0"
"357",522,1,"00",0,1,0,1,0,0.5,0.9,0.5,0.2,0.045,0.18,14,"conjunctive",0,5,"2","c5","A",0.0307990576737644,"A","A=1"
"358",522,1,"00",0,1,0,1,0,0.5,0.9,0.5,0.2,0.045,0.18,14,"conjunctive",0,5,"2","c5","Au=0",-0.417785484946772,"Au","Au=0"
"359",522,1,"00",0,1,0,1,0,0.5,0.9,0.5,0.2,0.045,0.18,14,"conjunctive",0,5,"2","c5","B",0.0309189162805967,"B","B=1"
"360",522,1,"00",0,1,0,1,0,0.5,0.9,0.5,0.2,0.045,0.18,14,"conjunctive",0,5,"2","c5","Bu=0",-0.130652886677932,"Bu","Bu=0"
"361",523,1,"01",0,1,1,0,0,0.5,0.9,0.5,0.8,0.18,0.72,15,"conjunctive",0.782608695652174,4,"2","c4","A",-0.0604280057948031,"A","A=1"
"362",523,1,"01",0,1,1,0,0,0.5,0.9,0.5,0.8,0.18,0.72,15,"conjunctive",0.782608695652174,4,"2","c4","Au=0",0.819540826949105,"Au","Au=0"
"363",523,1,"01",0,1,1,0,0,0.5,0.9,0.5,0.8,0.18,0.72,15,"conjunctive",0.782608695652174,4,"2","c4","B",-0.0604464864207106,"B","B=1"
"364",523,1,"01",0,1,1,0,0,0.5,0.9,0.5,0.8,0.18,0.72,15,"conjunctive",0.782608695652174,4,"2","c4","Bu=1",-0.0364505257391561,"Bu","Bu=1"
"365",524,1,"01",0,1,1,1,0,0.5,0.9,0.5,0.8,0.18,0.72,16,"conjunctive",0,5,"2","c5","A",0.0607603032602635,"A","A=1"
"366",524,1,"01",0,1,1,1,0,0.5,0.9,0.5,0.8,0.18,0.72,16,"conjunctive",0,5,"2","c5","Au=0",-0.822063085650469,"Au","Au=0"
"367",524,1,"01",0,1,1,1,0,0.5,0.9,0.5,0.8,0.18,0.72,16,"conjunctive",0,5,"2","c5","B",0.0608439771991572,"B","B=1"
"368",524,1,"01",0,1,1,1,0,0.5,0.9,0.5,0.8,0.18,0.72,16,"conjunctive",0,5,"2","c5","Bu=1",0.0365968067912835,"Bu","Bu=1"
"369",525,1,"10",1,1,0,0,0,0.5,0.1,0.5,0.2,0.005,0.02,17,"conjunctive",0.0217391304347826,4,"2","c4","A",-0.160046235830273,"A","A=1"
"370",525,1,"10",1,1,0,0,0,0.5,0.1,0.5,0.2,0.005,0.02,17,"conjunctive",0.0217391304347826,4,"2","c4","Au=1",-0.231215248514153,"Au","Au=1"
"371",525,1,"10",1,1,0,0,0,0.5,0.1,0.5,0.2,0.005,0.02,17,"conjunctive",0.0217391304347826,4,"2","c4","B",-0.159973614963139,"B","B=1"
"372",525,1,"10",1,1,0,0,0,0.5,0.1,0.5,0.2,0.005,0.02,17,"conjunctive",0.0217391304347826,4,"2","c4","Bu=0",0.678149192697577,"Bu","Bu=0"
"373",526,1,"10",1,1,0,1,0,0.5,0.1,0.5,0.2,0.005,0.02,18,"conjunctive",0,5,"2","c5","A",0.159608654360184,"A","A=1"
"374",526,1,"10",1,1,0,1,0,0.5,0.1,0.5,0.2,0.005,0.02,18,"conjunctive",0,5,"2","c5","Au=1",0.230750043043793,"Au","Au=1"
"375",526,1,"10",1,1,0,1,0,0.5,0.1,0.5,0.2,0.005,0.02,18,"conjunctive",0,5,"2","c5","B",0.159103971682707,"B","B=1"
"376",526,1,"10",1,1,0,1,0,0.5,0.1,0.5,0.2,0.005,0.02,18,"conjunctive",0,5,"2","c5","Bu=0",-0.677971260796057,"Bu","Bu=0"
"377",527,1,"11",1,1,1,0,1,0.5,0.1,0.5,0.8,0.02,0.08,19,"conjunctive",0,4,"2","c4","A",-0.41653596663922,"A","A=1"
"378",527,1,"11",1,1,1,0,1,0.5,0.1,0.5,0.8,0.02,0.08,19,"conjunctive",0,4,"2","c4","Au=1",-0.60310434062689,"Au","Au=1"
"379",527,1,"11",1,1,1,0,1,0.5,0.1,0.5,0.8,0.02,0.08,19,"conjunctive",0,4,"2","c4","B",-0.416045893301605,"B","B=1"
"380",527,1,"11",1,1,1,0,1,0.5,0.1,0.5,0.8,0.02,0.08,19,"conjunctive",0,4,"2","c4","Bu=1",-0.250233109301285,"Bu","Bu=1"
"381",528,1,"11",1,1,1,1,1,0.5,0.1,0.5,0.8,0.02,0.08,20,"conjunctive",1,5,"2","c5","A",0.416883194707475,"A","A=1"
"382",528,1,"11",1,1,1,1,1,0.5,0.1,0.5,0.8,0.02,0.08,20,"conjunctive",1,5,"2","c5","Au=1",0.602677117034054,"Au","Au=1"
"383",528,1,"11",1,1,1,1,1,0.5,0.1,0.5,0.8,0.02,0.08,20,"conjunctive",1,5,"2","c5","B",0.417340677948756,"B","B=1"
"384",528,1,"11",1,1,1,1,1,0.5,0.1,0.5,0.8,0.02,0.08,20,"conjunctive",1,5,"2","c5","Bu=1",0.249479103010961,"Bu","Bu=1"
"385",961,0,"00",0,0,0,0,0,0.9,0.3,0.2,0.5,0.027,0.15,1,"disjunctive",0.15,1,"3","d1","A",0.173965430731927,"A","A=0"
"386",961,0,"00",0,0,0,0,0,0.9,0.3,0.2,0.5,0.027,0.15,1,"disjunctive",0.15,1,"3","d1","Au=0",0.0581921715581331,"Au","Au=0"
"387",961,0,"00",0,0,0,0,0,0.9,0.3,0.2,0.5,0.027,0.15,1,"disjunctive",0.15,1,"3","d1","B",0.317108313502487,"B","B=0"
"388",961,0,"00",0,0,0,0,0,0.9,0.3,0.2,0.5,0.027,0.15,1,"disjunctive",0.15,1,"3","d1","Bu=0",0.423992394819912,"Bu","Bu=0"
"389",962,0,"01",0,0,1,0,0,0.9,0.3,0.2,0.5,0.027,0.15,2,"disjunctive",0.15,1,"3","d1","A",0.070335753641242,"A","A=0"
"390",962,0,"01",0,0,1,0,0,0.9,0.3,0.2,0.5,0.027,0.15,2,"disjunctive",0.15,1,"3","d1","Au=0",0.0250605306573671,"Au","Au=0"
"391",962,0,"01",0,0,1,0,0,0.9,0.3,0.2,0.5,0.027,0.15,2,"disjunctive",0.15,1,"3","d1","B",0.887126645572305,"B","B=0"
"392",962,0,"01",0,0,1,0,0,0.9,0.3,0.2,0.5,0.027,0.15,2,"disjunctive",0.15,1,"3","d1","Bu=1",-0.209141634395977,"Bu","Bu=1"
"393",963,0,"10",1,0,0,0,0,0.9,0.7,0.2,0.5,0.063,0.35,3,"disjunctive",0.35,1,"3","d1","A",0.623298429746011,"A","A=0"
"394",963,0,"10",1,0,0,0,0,0.9,0.7,0.2,0.5,0.063,0.35,3,"disjunctive",0.35,1,"3","d1","Au=1",-0.0342935884666718,"Au","Au=1"
"395",963,0,"10",1,0,0,0,0,0.9,0.7,0.2,0.5,0.063,0.35,3,"disjunctive",0.35,1,"3","d1","B",0.256035213643519,"B","B=0"
"396",963,0,"10",1,0,0,0,0,0.9,0.7,0.2,0.5,0.063,0.35,3,"disjunctive",0.35,1,"3","d1","Bu=0",0.34301082402021,"Bu","Bu=0"
"397",964,0,"11",1,0,1,0,0,0.9,0.7,0.2,0.5,0.063,0.35,4,"disjunctive",0.35,1,"3","d1","A",0.293477215698524,"A","A=0"
"398",964,0,"11",1,0,1,0,0,0.9,0.7,0.2,0.5,0.063,0.35,4,"disjunctive",0.35,1,"3","d1","Au=1",-0.0165298868534306,"Au","Au=1"
"399",964,0,"11",1,0,1,0,0,0.9,0.7,0.2,0.5,0.063,0.35,4,"disjunctive",0.35,1,"3","d1","B",0.845115067686661,"B","B=0"
"400",964,0,"11",1,0,1,0,0,0.9,0.7,0.2,0.5,0.063,0.35,4,"disjunctive",0.35,1,"3","d1","Bu=1",-0.200147957732943,"Bu","Bu=1"
"401",965,0,"00",0,1,0,0,0,0.9,0.3,0.8,0.5,0.108,0.15,5,"disjunctive",0.3,2,"3","d2","A",0.0866971756365112,"A","A=0"
"402",965,0,"00",0,1,0,0,0,0.9,0.3,0.8,0.5,0.108,0.15,5,"disjunctive",0.3,2,"3","d2","Au=0",0.0288150659958826,"Au","Au=0"
"403",965,0,"00",0,1,0,0,0,0.9,0.3,0.8,0.5,0.108,0.15,5,"disjunctive",0.3,2,"3","d2","B",-0.100535340382219,"B","B=1"
"404",965,0,"00",0,1,0,0,0,0.9,0.3,0.8,0.5,0.108,0.15,5,"disjunctive",0.3,2,"3","d2","Bu=0",0.943365717078515,"Bu","Bu=0"
"405",966,0,"00",0,1,0,1,0,0.9,0.3,0.8,0.5,0.108,0.15,6,"disjunctive",0,3,"3","d3","A",-0.0894898707873111,"A","A=0"
"406",966,0,"00",0,1,0,1,0,0.9,0.3,0.8,0.5,0.108,0.15,6,"disjunctive",0,3,"3","d3","Au=0",-0.0299930113132362,"Au","Au=0"
"407",966,0,"00",0,1,0,1,0,0.9,0.3,0.8,0.5,0.108,0.15,6,"disjunctive",0,3,"3","d3","B",0.100241041916761,"B","B=1"
"408",966,0,"00",0,1,0,1,0,0.9,0.3,0.8,0.5,0.108,0.15,6,"disjunctive",0,3,"3","d3","Bu=0",-0.943210539551953,"Bu","Bu=0"
"409",967,0,"01",0,1,1,0,1,0.9,0.3,0.8,0.5,0.108,0.15,7,"disjunctive",0,2,"3","d2","A",0.01791954336234,"A","A=0"
"410",967,0,"01",0,1,1,0,1,0.9,0.3,0.8,0.5,0.108,0.15,7,"disjunctive",0,2,"3","d2","Au=0",0.00485116662686308,"Au","Au=0"
"411",967,0,"01",0,1,1,0,1,0.9,0.3,0.8,0.5,0.108,0.15,7,"disjunctive",0,2,"3","d2","B",-0.502963929488824,"B","B=1"
"412",967,0,"01",0,1,1,0,1,0.9,0.3,0.8,0.5,0.108,0.15,7,"disjunctive",0,2,"3","d2","Bu=1",-0.833996319455843,"Bu","Bu=1"
"413",968,0,"01",0,1,1,1,1,0.9,0.3,0.8,0.5,0.108,0.15,8,"disjunctive",0.3,3,"3","d3","A",-0.0184241422790463,"A","A=0"
"414",968,0,"01",0,1,1,1,1,0.9,0.3,0.8,0.5,0.108,0.15,8,"disjunctive",0.3,3,"3","d3","Au=0",-0.00728331006076403,"Au","Au=0"
"415",968,0,"01",0,1,1,1,1,0.9,0.3,0.8,0.5,0.108,0.15,8,"disjunctive",0.3,3,"3","d3","B",0.500789539404164,"B","B=1"
"416",968,0,"01",0,1,1,1,1,0.9,0.3,0.8,0.5,0.108,0.15,8,"disjunctive",0.3,3,"3","d3","Bu=1",0.834885934640685,"Bu","Bu=1"
"417",969,0,"10",1,1,0,0,0,0.9,0.7,0.8,0.5,0.252,0.35,9,"disjunctive",0.7,2,"3","d2","A",0.358141607622757,"A","A=0"
"418",969,0,"10",1,1,0,0,0,0.9,0.7,0.8,0.5,0.252,0.35,9,"disjunctive",0.7,2,"3","d2","Au=1",-0.0204607699029016,"Au","Au=1"
"419",969,0,"10",1,1,0,0,0,0.9,0.7,0.8,0.5,0.252,0.35,9,"disjunctive",0.7,2,"3","d2","B",-0.0939969603622473,"B","B=1"
"420",969,0,"10",1,1,0,0,0,0.9,0.7,0.8,0.5,0.252,0.35,9,"disjunctive",0.7,2,"3","d2","Bu=0",0.881115178119091,"Bu","Bu=0"
"421",970,0,"10",1,1,0,1,0,0.9,0.7,0.8,0.5,0.252,0.35,10,"disjunctive",0,3,"3","d3","A",-0.360474853757996,"A","A=0"
"422",970,0,"10",1,1,0,1,0,0.9,0.7,0.8,0.5,0.252,0.35,10,"disjunctive",0,3,"3","d3","Au=1",0.0195200670744658,"Au","Au=1"
"423",970,0,"10",1,1,0,1,0,0.9,0.7,0.8,0.5,0.252,0.35,10,"disjunctive",0,3,"3","d3","B",0.0937533929191388,"B","B=1"
"424",970,0,"10",1,1,0,1,0,0.9,0.7,0.8,0.5,0.252,0.35,10,"disjunctive",0,3,"3","d3","Bu=0",-0.880578595921308,"Bu","Bu=0"
"425",971,0,"11",1,1,1,0,1,0.9,0.7,0.8,0.5,0.252,0.35,11,"disjunctive",0,2,"3","d2","A",0.0783242960532338,"A","A=0"
"426",971,0,"11",1,1,1,0,1,0.9,0.7,0.8,0.5,0.252,0.35,11,"disjunctive",0,2,"3","d2","Au=1",-0.00253381800410215,"Au","Au=1"
"427",971,0,"11",1,1,1,0,1,0.9,0.7,0.8,0.5,0.252,0.35,11,"disjunctive",0,2,"3","d2","B",-0.494814270192943,"B","B=1"
"428",971,0,"11",1,1,1,0,1,0.9,0.7,0.8,0.5,0.252,0.35,11,"disjunctive",0,2,"3","d2","Bu=1",-0.823847024301127,"Bu","Bu=1"
"429",972,0,"11",1,1,1,1,1,0.9,0.7,0.8,0.5,0.252,0.35,12,"disjunctive",0.7,3,"3","d3","A",-0.0787408294864525,"A","A=0"
"430",972,0,"11",1,1,1,1,1,0.9,0.7,0.8,0.5,0.252,0.35,12,"disjunctive",0.7,3,"3","d3","Au=1",0.00444991915849246,"Au","Au=1"
"431",972,0,"11",1,1,1,1,1,0.9,0.7,0.8,0.5,0.252,0.35,12,"disjunctive",0.7,3,"3","d3","B",0.495174700730261,"B","B=1"
"432",972,0,"11",1,1,1,1,1,0.9,0.7,0.8,0.5,0.252,0.35,12,"disjunctive",0.7,3,"3","d3","Bu=1",0.823093615373712,"Bu","Bu=1"
"433",973,1,"00",0,0,0,0,0,0.1,0.3,0.2,0.5,0.003,0.15,13,"disjunctive",0.5,4,"3","d4","A",-0.232346814238611,"A","A=1"
"434",973,1,"00",0,0,0,0,0,0.1,0.3,0.2,0.5,0.003,0.15,13,"disjunctive",0.5,4,"3","d4","Au=0",0.741236686934275,"Au","Au=0"
"435",973,1,"00",0,0,0,0,0,0.1,0.3,0.2,0.5,0.003,0.15,13,"disjunctive",0.5,4,"3","d4","B",0.138623487256283,"B","B=0"
"436",973,1,"00",0,0,0,0,0,0.1,0.3,0.2,0.5,0.003,0.15,13,"disjunctive",0.5,4,"3","d4","Bu=0",0.188440894462286,"Bu","Bu=0"
"437",974,1,"00",0,0,0,1,0,0.1,0.3,0.2,0.5,0.003,0.15,14,"disjunctive",0,5,"3","d5","A",0.230991626392768,"A","A=1"
"438",974,1,"00",0,0,0,1,0,0.1,0.3,0.2,0.5,0.003,0.15,14,"disjunctive",0,5,"3","d5","Au=0",-0.739355414312372,"Au","Au=0"
"439",974,1,"00",0,0,0,1,0,0.1,0.3,0.2,0.5,0.003,0.15,14,"disjunctive",0,5,"3","d5","B",-0.141790040385729,"B","B=0"
"440",974,1,"00",0,0,0,1,0,0.1,0.3,0.2,0.5,0.003,0.15,14,"disjunctive",0,5,"3","d5","Bu=0",-0.188185546882819,"Bu","Bu=0"
"441",975,1,"01",0,0,1,0,0,0.1,0.3,0.2,0.5,0.003,0.15,15,"disjunctive",0.5,4,"3","d4","A",-0.158935494309462,"A","A=1"
"442",975,1,"01",0,0,1,0,0,0.1,0.3,0.2,0.5,0.003,0.15,15,"disjunctive",0.5,4,"3","d4","Au=0",0.505755811103155,"Au","Au=0"
"443",975,1,"01",0,0,1,0,0,0.1,0.3,0.2,0.5,0.003,0.15,15,"disjunctive",0.5,4,"3","d4","B",0.655661864901049,"B","B=0"
"444",975,1,"01",0,0,1,0,0,0.1,0.3,0.2,0.5,0.003,0.15,15,"disjunctive",0.5,4,"3","d4","Bu=1",-0.153584592253962,"Bu","Bu=1"
"445",976,1,"01",0,0,1,1,0,0.1,0.3,0.2,0.5,0.003,0.15,16,"disjunctive",0,5,"3","d5","A",0.157970399832919,"A","A=1"
"446",976,1,"01",0,0,1,1,0,0.1,0.3,0.2,0.5,0.003,0.15,16,"disjunctive",0,5,"3","d5","Au=0",-0.503282289997286,"Au","Au=0"
"447",976,1,"01",0,0,1,1,0,0.1,0.3,0.2,0.5,0.003,0.15,16,"disjunctive",0,5,"3","d5","B",-0.655434805821983,"B","B=0"
"448",976,1,"01",0,0,1,1,0,0.1,0.3,0.2,0.5,0.003,0.15,16,"disjunctive",0,5,"3","d5","Bu=1",0.155240602947222,"Bu","Bu=1"
"449",977,1,"10",1,0,0,0,1,0.1,0.7,0.2,0.5,0.007,0.35,17,"disjunctive",0,4,"3","d4","A",-0.832028373749046,"A","A=1"
"450",977,1,"10",1,0,0,0,1,0.1,0.7,0.2,0.5,0.007,0.35,17,"disjunctive",0,4,"3","d4","Au=1",-0.430708578411823,"Au","Au=1"
"451",977,1,"10",1,0,0,0,1,0.1,0.7,0.2,0.5,0.007,0.35,17,"disjunctive",0,4,"3","d4","B",0.0458585706002293,"B","B=0"
"452",977,1,"10",1,0,0,0,1,0.1,0.7,0.2,0.5,0.007,0.35,17,"disjunctive",0,4,"3","d4","Bu=0",0.0611320364158916,"Bu","Bu=0"
"453",978,1,"10",1,0,0,1,1,0.1,0.7,0.2,0.5,0.007,0.35,18,"disjunctive",0.5,5,"3","d5","A",0.832165625402477,"A","A=1"
"454",978,1,"10",1,0,0,1,1,0.1,0.7,0.2,0.5,0.007,0.35,18,"disjunctive",0.5,5,"3","d5","Au=1",0.430585928911022,"Au","Au=1"
"455",978,1,"10",1,0,0,1,1,0.1,0.7,0.2,0.5,0.007,0.35,18,"disjunctive",0.5,5,"3","d5","B",-0.0448705115922629,"B","B=0"
"456",978,1,"10",1,0,0,1,1,0.1,0.7,0.2,0.5,0.007,0.35,18,"disjunctive",0.5,5,"3","d5","Bu=0",-0.0615686723205029,"Bu","Bu=0"
"457",979,1,"11",1,0,1,0,1,0.1,0.7,0.2,0.5,0.007,0.35,19,"disjunctive",0,4,"3","d4","A",-0.726654656249736,"A","A=1"
"458",979,1,"11",1,0,1,0,1,0.1,0.7,0.2,0.5,0.007,0.35,19,"disjunctive",0,4,"3","d4","Au=1",-0.376820931430508,"Au","Au=1"
"459",979,1,"11",1,0,1,0,1,0.1,0.7,0.2,0.5,0.007,0.35,19,"disjunctive",0,4,"3","d4","B",0.275303581445569,"B","B=0"
"460",979,1,"11",1,0,1,0,1,0.1,0.7,0.2,0.5,0.007,0.35,19,"disjunctive",0,4,"3","d4","Bu=1",-0.0658691659592513,"Bu","Bu=1"
"461",980,1,"11",1,0,1,1,1,0.1,0.7,0.2,0.5,0.007,0.35,20,"disjunctive",0.5,5,"3","d5","A",0.726196787919573,"A","A=1"
"462",980,1,"11",1,0,1,1,1,0.1,0.7,0.2,0.5,0.007,0.35,20,"disjunctive",0.5,5,"3","d5","Au=1",0.377264624221817,"Au","Au=1"
"463",980,1,"11",1,0,1,1,1,0.1,0.7,0.2,0.5,0.007,0.35,20,"disjunctive",0.5,5,"3","d5","B",-0.275437704491723,"B","B=0"
"464",980,1,"11",1,0,1,1,1,0.1,0.7,0.2,0.5,0.007,0.35,20,"disjunctive",0.5,5,"3","d5","Bu=1",0.0670095431044593,"Bu","Bu=1"
"465",981,1,"00",0,1,0,0,0,0.1,0.3,0.8,0.5,0.012,0.15,21,"disjunctive",1,6,"3","d6","A",-0.179048731088187,"A","A=1"
"466",981,1,"00",0,1,0,0,0,0.1,0.3,0.8,0.5,0.012,0.15,21,"disjunctive",1,6,"3","d6","Au=0",0.573589113634616,"Au","Au=0"
"467",981,1,"00",0,1,0,0,0,0.1,0.3,0.8,0.5,0.012,0.15,21,"disjunctive",1,6,"3","d6","B",-0.0668754099158943,"B","B=1"
"468",981,1,"00",0,1,0,0,0,0.1,0.3,0.8,0.5,0.012,0.15,21,"disjunctive",1,6,"3","d6","Bu=0",0.638652280621422,"Bu","Bu=0"
"469",982,1,"00",0,1,0,1,0,0.1,0.3,0.8,0.5,0.012,0.15,22,"disjunctive",0,7,"3","d7","A",0.180215141471629,"A","A=1"
"470",982,1,"00",0,1,0,1,0,0.1,0.3,0.8,0.5,0.012,0.15,22,"disjunctive",0,7,"3","d7","Au=0",-0.573737602047954,"Au","Au=0"
"471",982,1,"00",0,1,0,1,0,0.1,0.3,0.8,0.5,0.012,0.15,22,"disjunctive",0,7,"3","d7","B",0.0673411761579002,"B","B=1"
"472",982,1,"00",0,1,0,1,0,0.1,0.3,0.8,0.5,0.012,0.15,22,"disjunctive",0,7,"3","d7","Bu=0",-0.637068476058692,"Bu","Bu=0"
"473",983,1,"01",0,1,1,0,1,0.1,0.3,0.8,0.5,0.012,0.15,23,"disjunctive",0,6,"3","d6","A",-0.0489994746527013,"A","A=1"
"474",983,1,"01",0,1,1,0,1,0.1,0.3,0.8,0.5,0.012,0.15,23,"disjunctive",0,6,"3","d6","Au=0",0.159076853129759,"Au","Au=0"
"475",983,1,"01",0,1,1,0,1,0.1,0.3,0.8,0.5,0.012,0.15,23,"disjunctive",0,6,"3","d6","B",-0.456208970262308,"B","B=1"
"476",983,1,"01",0,1,1,0,1,0.1,0.3,0.8,0.5,0.012,0.15,23,"disjunctive",0,6,"3","d6","Bu=1",-0.755443349528981,"Bu","Bu=1"
"477",984,1,"01",0,1,1,1,1,0.1,0.3,0.8,0.5,0.012,0.15,24,"disjunctive",0.176470588235294,7,"3","d7","A",0.0488340274588238,"A","A=1"
"478",984,1,"01",0,1,1,1,1,0.1,0.3,0.8,0.5,0.012,0.15,24,"disjunctive",0.176470588235294,7,"3","d7","Au=0",-0.159357512262699,"Au","Au=0"
"479",984,1,"01",0,1,1,1,1,0.1,0.3,0.8,0.5,0.012,0.15,24,"disjunctive",0.176470588235294,7,"3","d7","B",0.455556035202154,"B","B=1"
"480",984,1,"01",0,1,1,1,1,0.1,0.3,0.8,0.5,0.012,0.15,24,"disjunctive",0.176470588235294,7,"3","d7","Bu=1",0.75517840054747,"Bu","Bu=1"
"481",985,1,"10",1,1,0,0,1,0.1,0.7,0.8,0.5,0.028,0.35,25,"disjunctive",0,6,"3","d6","A",-0.765213215000766,"A","A=1"
"482",985,1,"10",1,1,0,0,1,0.1,0.7,0.8,0.5,0.028,0.35,25,"disjunctive",0,6,"3","d6","Au=1",-0.395780210542593,"Au","Au=1"
"483",985,1,"10",1,1,0,0,1,0.1,0.7,0.8,0.5,0.028,0.35,25,"disjunctive",0,6,"3","d6","B",-0.0271095375720981,"B","B=1"
"484",985,1,"10",1,1,0,0,1,0.1,0.7,0.8,0.5,0.028,0.35,25,"disjunctive",0,6,"3","d6","Bu=0",0.248819161500434,"Bu","Bu=0"
"485",986,1,"10",1,1,0,1,1,0.1,0.7,0.8,0.5,0.028,0.35,26,"disjunctive",0.411764705882353,7,"3","d7","A",0.766916182814761,"A","A=1"
"486",986,1,"10",1,1,0,1,1,0.1,0.7,0.8,0.5,0.028,0.35,26,"disjunctive",0.411764705882353,7,"3","d7","Au=1",0.394926877133493,"Au","Au=1"
"487",986,1,"10",1,1,0,1,1,0.1,0.7,0.8,0.5,0.028,0.35,26,"disjunctive",0.411764705882353,7,"3","d7","B",0.0279787829002071,"B","B=1"
"488",986,1,"10",1,1,0,1,1,0.1,0.7,0.8,0.5,0.028,0.35,26,"disjunctive",0.411764705882353,7,"3","d7","Bu=0",-0.248404817502239,"Bu","Bu=0"
"489",987,1,"11",1,1,1,0,1,0.1,0.7,0.8,0.5,0.028,0.35,27,"disjunctive",0,6,"3","d6","A",-0.321984904773206,"A","A=1"
"490",987,1,"11",1,1,1,0,1,0.1,0.7,0.8,0.5,0.028,0.35,27,"disjunctive",0,6,"3","d6","Au=1",-0.167104552034773,"Au","Au=1"
"491",987,1,"11",1,1,1,0,1,0.1,0.7,0.8,0.5,0.028,0.35,27,"disjunctive",0,6,"3","d6","B",-0.269958103866739,"B","B=1"
"492",987,1,"11",1,1,1,0,1,0.1,0.7,0.8,0.5,0.028,0.35,27,"disjunctive",0,6,"3","d6","Bu=1",-0.449063043462259,"Bu","Bu=1"
"493",988,1,"11",1,1,1,1,1,0.1,0.7,0.8,0.5,0.028,0.35,28,"disjunctive",0.411764705882353,7,"3","d7","A",0.322606514688455,"A","A=1"
"494",988,1,"11",1,1,1,1,1,0.1,0.7,0.8,0.5,0.028,0.35,28,"disjunctive",0.411764705882353,7,"3","d7","Au=1",0.1673314883839,"Au","Au=1"
"495",988,1,"11",1,1,1,1,1,0.1,0.7,0.8,0.5,0.028,0.35,28,"disjunctive",0.411764705882353,7,"3","d7","B",0.270125857788515,"B","B=1"
"496",988,1,"11",1,1,1,1,1,0.1,0.7,0.8,0.5,0.028,0.35,28,"disjunctive",0.411764705882353,7,"3","d7","Bu=1",0.44882023244736,"Bu","Bu=1"
"497",989,0,"00",0,0,0,0,0,0.9,0.3,0.2,0.5,0.027,0.15,1,"conjunctive",0.15,1,"3","c1","A",0.0874916125992826,"A","A=0"
"498",989,0,"00",0,0,0,0,0,0.9,0.3,0.2,0.5,0.027,0.15,1,"conjunctive",0.15,1,"3","c1","Au=0",0.0299221278392038,"Au","Au=0"
"499",989,0,"00",0,0,0,0,0,0.9,0.3,0.2,0.5,0.027,0.15,1,"conjunctive",0.15,1,"3","c1","B",0.0274412053567423,"B","B=0"
"500",989,0,"00",0,0,0,0,0,0.9,0.3,0.2,0.5,0.027,0.15,1,"conjunctive",0.15,1,"3","c1","Bu=0",0.0364835927768615,"Bu","Bu=0"
"501",990,0,"01",0,0,1,0,0,0.9,0.3,0.2,0.5,0.027,0.15,2,"conjunctive",0.15,1,"3","c1","A",0.203705542021911,"A","A=0"
"502",990,0,"01",0,0,1,0,0,0.9,0.3,0.2,0.5,0.027,0.15,2,"conjunctive",0.15,1,"3","c1","Au=0",0.0691665917696104,"Au","Au=0"
"503",990,0,"01",0,0,1,0,0,0.9,0.3,0.2,0.5,0.027,0.15,2,"conjunctive",0.15,1,"3","c1","B",0.0634854014677375,"B","B=0"
"504",990,0,"01",0,0,1,0,0,0.9,0.3,0.2,0.5,0.027,0.15,2,"conjunctive",0.15,1,"3","c1","Bu=1",-0.0149784488512202,"Bu","Bu=1"
"505",991,0,"10",1,0,0,0,0,0.9,0.7,0.2,0.5,0.063,0.35,3,"conjunctive",0.35,1,"3","c1","A",0.169270850871339,"A","A=0"
"506",991,0,"10",1,0,0,0,0,0.9,0.7,0.2,0.5,0.063,0.35,3,"conjunctive",0.35,1,"3","c1","Au=1",-0.00938926821997506,"Au","Au=1"
"507",991,0,"10",1,0,0,0,0,0.9,0.7,0.2,0.5,0.063,0.35,3,"conjunctive",0.35,1,"3","c1","B",0.0531277048014766,"B","B=0"
"508",991,0,"10",1,0,0,0,0,0.9,0.7,0.2,0.5,0.063,0.35,3,"conjunctive",0.35,1,"3","c1","Bu=0",0.0709483466872913,"Bu","Bu=0"
"509",992,0,"11",1,0,1,0,0,0.9,0.7,0.2,0.5,0.063,0.35,4,"conjunctive",0.35,1,"3","c1","A",0.426073750349945,"A","A=0"
"510",992,0,"11",1,0,1,0,0,0.9,0.7,0.2,0.5,0.063,0.35,4,"conjunctive",0.35,1,"3","c1","Au=1",-0.023694870514718,"Au","Au=1"
"511",992,0,"11",1,0,1,0,0,0.9,0.7,0.2,0.5,0.063,0.35,4,"conjunctive",0.35,1,"3","c1","B",0.133624479751122,"B","B=0"
"512",992,0,"11",1,0,1,0,0,0.9,0.7,0.2,0.5,0.063,0.35,4,"conjunctive",0.35,1,"3","c1","Bu=1",-0.0315221222520472,"Bu","Bu=1"
"513",993,0,"00",0,1,0,0,0,0.9,0.3,0.8,0.5,0.108,0.15,5,"conjunctive",0.15,2,"3","c2","A",0.164040282312526,"A","A=0"
"514",993,0,"00",0,1,0,0,0,0.9,0.3,0.8,0.5,0.108,0.15,5,"conjunctive",0.15,2,"3","c2","Au=0",0.0561064491059262,"Au","Au=0"
"515",993,0,"00",0,1,0,0,0,0.9,0.3,0.8,0.5,0.108,0.15,5,"conjunctive",0.15,2,"3","c2","B",-0.00729377850233709,"B","B=1"
"516",993,0,"00",0,1,0,0,0,0.9,0.3,0.8,0.5,0.108,0.15,5,"conjunctive",0.15,2,"3","c2","Bu=0",0.0687649207763088,"Bu","Bu=0"
"517",994,0,"01",0,1,1,0,0,0.9,0.3,0.8,0.5,0.108,0.15,6,"conjunctive",0.15,2,"3","c2","A",0.405177032250851,"A","A=0"
"518",994,0,"01",0,1,1,0,0,0.9,0.3,0.8,0.5,0.108,0.15,6,"conjunctive",0.15,2,"3","c2","Au=0",0.138360402084411,"Au","Au=0"
"519",994,0,"01",0,1,1,0,0,0.9,0.3,0.8,0.5,0.108,0.15,6,"conjunctive",0.15,2,"3","c2","B",-0.018020728551408,"B","B=1"
"520",994,0,"01",0,1,1,0,0,0.9,0.3,0.8,0.5,0.108,0.15,6,"conjunctive",0.15,2,"3","c2","Bu=1",-0.0299076514567245,"Bu","Bu=1"
"521",995,0,"10",1,1,0,0,0,0.9,0.7,0.8,0.5,0.252,0.35,7,"conjunctive",0.35,2,"3","c2","A",0.346391590388222,"A","A=0"
"522",995,0,"10",1,1,0,0,0,0.9,0.7,0.8,0.5,0.252,0.35,7,"conjunctive",0.35,2,"3","c2","Au=1",-0.0191802880586924,"Au","Au=1"
"523",995,0,"10",1,1,0,0,0,0.9,0.7,0.8,0.5,0.252,0.35,7,"conjunctive",0.35,2,"3","c2","B",-0.0154245326751388,"B","B=1"
"524",995,0,"10",1,1,0,0,0,0.9,0.7,0.8,0.5,0.252,0.35,7,"conjunctive",0.35,2,"3","c2","Bu=0",0.144877251134,"Bu","Bu=0"
"525",996,0,"11",1,1,1,0,0,0.9,0.7,0.8,0.5,0.252,0.35,8,"conjunctive",0.35,2,"3","c2","A",0.84860176315248,"A","A=0"
"526",996,0,"11",1,1,1,0,0,0.9,0.7,0.8,0.5,0.252,0.35,8,"conjunctive",0.35,2,"3","c2","Au=1",-0.0470559492867504,"Au","Au=1"
"527",996,0,"11",1,1,1,0,0,0.9,0.7,0.8,0.5,0.252,0.35,8,"conjunctive",0.35,2,"3","c2","B",-0.0376503845134592,"B","B=1"
"528",996,0,"11",1,1,1,0,0,0.9,0.7,0.8,0.5,0.252,0.35,8,"conjunctive",0.35,2,"3","c2","Bu=1",-0.0629655601924136,"Bu","Bu=1"
"529",997,1,"00",0,0,0,0,0,0.1,0.3,0.2,0.5,0.003,0.15,9,"conjunctive",0.15,3,"3","c3","A",-0.0451521548654211,"A","A=1"
"530",997,1,"00",0,0,0,0,0,0.1,0.3,0.2,0.5,0.003,0.15,9,"conjunctive",0.15,3,"3","c3","Au=0",0.143943515977619,"Au","Au=0"
"531",997,1,"00",0,0,0,0,0,0.1,0.3,0.2,0.5,0.003,0.15,9,"conjunctive",0.15,3,"3","c3","B",0.132064599783525,"B","B=0"
"532",997,1,"00",0,0,0,0,0,0.1,0.3,0.2,0.5,0.003,0.15,9,"conjunctive",0.15,3,"3","c3","Bu=0",0.176480306512709,"Bu","Bu=0"
"533",998,1,"01",0,0,1,0,0,0.1,0.3,0.2,0.5,0.003,0.15,10,"conjunctive",0.15,3,"3","c3","A",-0.109343241103936,"A","A=1"
"534",998,1,"01",0,0,1,0,0,0.1,0.3,0.2,0.5,0.003,0.15,10,"conjunctive",0.15,3,"3","c3","Au=0",0.348747076885908,"Au","Au=0"
"535",998,1,"01",0,0,1,0,0,0.1,0.3,0.2,0.5,0.003,0.15,10,"conjunctive",0.15,3,"3","c3","B",0.319413512281997,"B","B=0"
"536",998,1,"01",0,0,1,0,0,0.1,0.3,0.2,0.5,0.003,0.15,10,"conjunctive",0.15,3,"3","c3","Bu=1",-0.0756058616538913,"Bu","Bu=1"
"537",999,1,"10",1,0,0,0,0,0.1,0.7,0.2,0.5,0.007,0.35,11,"conjunctive",0.35,3,"3","c3","A",-0.0950857227122263,"A","A=1"
"538",999,1,"10",1,0,0,0,0,0.1,0.7,0.2,0.5,0.007,0.35,11,"conjunctive",0.35,3,"3","c3","Au=1",-0.0490717724438173,"Au","Au=1"
"539",999,1,"10",1,0,0,0,0,0.1,0.7,0.2,0.5,0.007,0.35,11,"conjunctive",0.35,3,"3","c3","B",0.277206462054344,"B","B=0"
"540",999,1,"10",1,0,0,0,0,0.1,0.7,0.2,0.5,0.007,0.35,11,"conjunctive",0.35,3,"3","c3","Bu=0",0.372105966205423,"Bu","Bu=0"
"541",1000,1,"11",1,0,1,0,0,0.1,0.7,0.2,0.5,0.007,0.35,12,"conjunctive",0.35,3,"3","c3","A",-0.240853944724146,"A","A=1"
"542",1000,1,"11",1,0,1,0,0,0.1,0.7,0.2,0.5,0.007,0.35,12,"conjunctive",0.35,3,"3","c3","Au=1",-0.124717115050201,"Au","Au=1"
"543",1000,1,"11",1,0,1,0,0,0.1,0.7,0.2,0.5,0.007,0.35,12,"conjunctive",0.35,3,"3","c3","B",0.705178185592152,"B","B=0"
"544",1000,1,"11",1,0,1,0,0,0.1,0.7,0.2,0.5,0.007,0.35,12,"conjunctive",0.35,3,"3","c3","Bu=1",-0.166452766075384,"Bu","Bu=1"
"545",1001,1,"00",0,1,0,0,0,0.1,0.3,0.8,0.5,0.012,0.15,13,"conjunctive",0.230769230769231,4,"3","c4","A",-0.0903079242473751,"A","A=1"
"546",1001,1,"00",0,1,0,0,0,0.1,0.3,0.8,0.5,0.012,0.15,13,"conjunctive",0.230769230769231,4,"3","c4","Au=0",0.28825914583863,"Au","Au=0"
"547",1001,1,"00",0,1,0,0,0,0.1,0.3,0.8,0.5,0.012,0.15,13,"conjunctive",0.230769230769231,4,"3","c4","B",-0.0374764378779432,"B","B=1"
"548",1001,1,"00",0,1,0,0,0,0.1,0.3,0.8,0.5,0.012,0.15,13,"conjunctive",0.230769230769231,4,"3","c4","Bu=0",0.354503882559039,"Bu","Bu=0"
"549",1002,1,"00",0,1,0,1,0,0.1,0.3,0.8,0.5,0.012,0.15,14,"conjunctive",0,5,"3","c5","A",0.0902511410899523,"A","A=1"
"550",1002,1,"00",0,1,0,1,0,0.1,0.3,0.8,0.5,0.012,0.15,14,"conjunctive",0,5,"3","c5","Au=0",-0.287464671468767,"Au","Au=0"
"551",1002,1,"00",0,1,0,1,0,0.1,0.3,0.8,0.5,0.012,0.15,14,"conjunctive",0,5,"3","c5","B",0.0373852594137268,"B","B=1"
"552",1002,1,"00",0,1,0,1,0,0.1,0.3,0.8,0.5,0.012,0.15,14,"conjunctive",0,5,"3","c5","Bu=0",-0.352703067998398,"Bu","Bu=0"
"553",1003,1,"01",0,1,1,0,0,0.1,0.3,0.8,0.5,0.012,0.15,15,"conjunctive",0.230769230769231,4,"3","c4","A",-0.227787353601969,"A","A=1"
"554",1003,1,"01",0,1,1,0,0,0.1,0.3,0.8,0.5,0.012,0.15,15,"conjunctive",0.230769230769231,4,"3","c4","Au=0",0.724992829539554,"Au","Au=0"
"555",1003,1,"01",0,1,1,0,0,0.1,0.3,0.8,0.5,0.012,0.15,15,"conjunctive",0.230769230769231,4,"3","c4","B",-0.0944313068846696,"B","B=1"
"556",1003,1,"01",0,1,1,0,0,0.1,0.3,0.8,0.5,0.012,0.15,15,"conjunctive",0.230769230769231,4,"3","c4","Bu=1",-0.157244001829838,"Bu","Bu=1"
"557",1004,1,"01",0,1,1,1,0,0.1,0.3,0.8,0.5,0.012,0.15,16,"conjunctive",0,5,"3","c5","A",0.227023444486983,"A","A=1"
"558",1004,1,"01",0,1,1,1,0,0.1,0.3,0.8,0.5,0.012,0.15,16,"conjunctive",0,5,"3","c5","Au=0",-0.72606609364337,"Au","Au=0"
"559",1004,1,"01",0,1,1,1,0,0.1,0.3,0.8,0.5,0.012,0.15,16,"conjunctive",0,5,"3","c5","B",0.0943332672978874,"B","B=1"
"560",1004,1,"01",0,1,1,1,0,0.1,0.3,0.8,0.5,0.012,0.15,16,"conjunctive",0,5,"3","c5","Bu=1",0.156639470767161,"Bu","Bu=1"
"561",1005,1,"10",1,1,0,0,0,0.1,0.7,0.8,0.5,0.028,0.35,17,"conjunctive",0.538461538461539,4,"3","c4","A",-0.194662769210818,"A","A=1"
"562",1005,1,"10",1,1,0,0,0,0.1,0.7,0.8,0.5,0.028,0.35,17,"conjunctive",0.538461538461539,4,"3","c4","Au=1",-0.100976054019976,"Au","Au=1"
"563",1005,1,"10",1,1,0,0,0,0.1,0.7,0.8,0.5,0.028,0.35,17,"conjunctive",0.538461538461539,4,"3","c4","B",-0.0809255699826752,"B","B=1"
"564",1005,1,"10",1,1,0,0,0,0.1,0.7,0.8,0.5,0.028,0.35,17,"conjunctive",0.538461538461539,4,"3","c4","Bu=0",0.763544643227017,"Bu","Bu=0"
"565",1006,1,"10",1,1,0,1,0,0.1,0.7,0.8,0.5,0.028,0.35,18,"conjunctive",0,5,"3","c5","A",0.1946375490783,"A","A=1"
"566",1006,1,"10",1,1,0,1,0,0.1,0.7,0.8,0.5,0.028,0.35,18,"conjunctive",0,5,"3","c5","Au=1",0.100495932487316,"Au","Au=1"
"567",1006,1,"10",1,1,0,1,0,0.1,0.7,0.8,0.5,0.028,0.35,18,"conjunctive",0,5,"3","c5","B",0.0811504060738033,"B","B=1"
"568",1006,1,"10",1,1,0,1,0,0.1,0.7,0.8,0.5,0.028,0.35,18,"conjunctive",0,5,"3","c5","Bu=0",-0.764522245088152,"Bu","Bu=0"
"569",1007,1,"11",1,1,1,0,1,0.1,0.7,0.8,0.5,0.028,0.35,19,"conjunctive",0,4,"3","c4","A",-0.647323230190901,"A","A=1"
"570",1007,1,"11",1,1,1,0,1,0.1,0.7,0.8,0.5,0.028,0.35,19,"conjunctive",0,4,"3","c4","Au=1",-0.334447165431867,"Au","Au=1"
"571",1007,1,"11",1,1,1,0,1,0.1,0.7,0.8,0.5,0.028,0.35,19,"conjunctive",0,4,"3","c4","B",-0.267909443201646,"B","B=1"
"572",1007,1,"11",1,1,1,0,1,0.1,0.7,0.8,0.5,0.028,0.35,19,"conjunctive",0,4,"3","c4","Bu=1",-0.446676834475587,"Bu","Bu=1"
"573",1008,1,"11",1,1,1,1,1,0.1,0.7,0.8,0.5,0.028,0.35,20,"conjunctive",1,5,"3","c5","A",0.646070794090474,"A","A=1"
"574",1008,1,"11",1,1,1,1,1,0.1,0.7,0.8,0.5,0.028,0.35,20,"conjunctive",1,5,"3","c5","Au=1",0.334589688655971,"Au","Au=1"
"575",1008,1,"11",1,1,1,1,1,0.1,0.7,0.8,0.5,0.028,0.35,20,"conjunctive",1,5,"3","c5","B",0.26946822447318,"B","B=1"
"576",1008,1,"11",1,1,1,1,1,0.1,0.7,0.8,0.5,0.028,0.35,20,"conjunctive",1,5,"3","c5","Bu=1",0.44740849183589,"Bu","Bu=1"
